AppName,AppId,CategoryId,AdapterId,AppVersionId,AssemblyTitle,ProtocolId,OrganizationId,LogoPath,AppVersionNumber,AppSchema,AppType
SAP Business One,92b1ff9c-2180-46dd-a551-75f0ae2f96c7,d567bec3-7853-42b4-be4e-0e7c585b9052,325030a8-ce64-4a1d-bd0e-db2321676834,b8f3b3f7-bc52-4cfa-8caf-c42873311ca1,InSync.eConnect.FTP,16,80ae6a0c-c6bb-48c7-9a82-0ff4de4ad3ab,https://appsdrive.blob.core.windows.net/applogos/292f730e-154b-460e-bd9c-be0c288db645_118.png,≥ 8.8,,2
SAP Business One,92b1ff9c-2180-46dd-a551-75f0ae2f96c7,d567bec3-7853-42b4-be4e-0e7c585b9052,b5d3ef17-31ca-49d5-9cd1-e64683c85251,b8f3b3f7-bc52-4cfa-8caf-c42873311ca1,InSync.eConnect.SAPB1DIAPI,1,80ae6a0c-c6bb-48c7-9a82-0ff4de4ad3ab,https://appsdrive.blob.core.windows.net/applogos/292f730e-154b-460e-bd9c-be0c288db645_118.png,≥ 8.8,,2
SAP Business One,92b1ff9c-2180-46dd-a551-75f0ae2f96c7,d567bec3-7853-42b4-be4e-0e7c585b9052,2613c387-a207-4a01-98b7-7175f7bbd9b7,b8f3b3f7-bc52-4cfa-8caf-c42873311ca1,InSync.eConnect.SAPB1DIServer88,2,80ae6a0c-c6bb-48c7-9a82-0ff4de4ad3ab,https://appsdrive.blob.core.windows.net/applogos/292f730e-154b-460e-bd9c-be0c288db645_118.png,≥ 8.8,,2
Salesforce,5c7f7bc7-93fe-4dd3-a764-2f0edb258890,3518da40-0695-40ed-9a9e-a7533a6b7e42,b23488da-215e-48ff-87d1-73ca58d09267,278f6c38-022f-469a-944a-52819fad7ef7,Veon.eConnect.Salesforce,14,80ae6a0c-c6bb-48c7-9a82-0ff4de4ad3ab,https://appsdrive.blob.core.windows.net/applogos/5ba3cd5a-9ad9-48e8-8ec6-2ebdee8bdd53_90.png,25.0,"[{""type"":""text"",""required"":true,""label"":""Login URL:<br>"",""description"":""Login URL for authorisation"",""className"":""form-control"",""name"":""loginurl"",""subtype"":""text"",""data_id"":""LoginUrl""},{""type"":""text"",""required"":true,""label"":""User Name"",""description"":""Represents the user name using which salesforce administrator logs in"",""placeholder"":""User Name"",""className"":""form-control"",""name"":""username"",""subtype"":""text"",""data_id"":""UserName""},{""type"":""text"",""required"":true,""label"":""Password"",""description"":""Password of the user login details"",""className"":""form-control"",""name"":""password"",""subtype"":""text"",""data_id"":""Password""},{""type"":""text"",""required"":true,""label"":""Consumer Secret"",""description"":""Get the consumer secret from your profile"",""className"":""form-control"",""name"":""consumersecret"",""subtype"":""text"",""data_id"":""ConsumerSecret""},{""type"":""text"",""required"":true,""label"":""Consumer Key"",""description"":""Key field identifying the user id"",""className"":""form-control"",""name"":""consumerkey"",""subtype"":""text"",""data_id"":""ConsumerKey""},{""type"":""select"",""required"":true,""label"":""Security Layer"",""description"":""Represents the highest security layer applied for HTTP request"",""className"":""form-control"",""name"":""securityprotocolversion"",""data_id"":""SecurityProtocolVersion"",""values"":[{""label"":""SystemDefault"",""value"":""SystemDefault""},{""label"":""Tls11"",""value"":""Tls11""},{""label"":""Tls12"",""value"":""Tls12"",""selected"":true}]},{""type"":""select"",""required"":true,""label"":""Salesforce API version<br>"",""className"":""form-control"",""name"":""sfversion"",""data_id"":""SfVersion"",""values"":[{""label"":""v25.0"",""value"":""v25.0""},{""label"":""v44.0"",""value"":""v44.0"",""selected"":true},{""label"":""v45.0"",""value"":""v45.0""},{""label"":""v46.0"",""value"":""v46.0""},{""label"":""v47.0"",""value"":""v47.0""},{""label"":""v48.0"",""value"":""v48.0""},{""label"":""v49.0"",""value"":""v49.0""},{""label"":""v50.0"",""value"":""v50.0""},{""label"":""v51.0"",""value"":""v51.0""},{""label"":""v52.0"",""value"":""v52.0""},{""label"":""v53.0"",""value"":""v53.0""},{""label"":""v54.0"",""value"":""v54.0""},{""label"":""v55.0"",""value"":""v55.0""}]}]",2
