WorkflowId,ValueMappingId,CategoryName,SourceValue,DestinationValue,IsActive
55d002f2-b2d8-4635-b4eb-5314e1661217,cb7c50ff-869c-4850-9db0-23a3cd389a99,SalesPerson,Leo Sun,400,True
55d002f2-b2d8-4635-b4eb-5314e1661217,f76958ff-cced-42bf-b8f4-4c338af302e8,SalesPerson,Bernard Gleeson,26,True
55d002f2-b2d8-4635-b4eb-5314e1661217,2d2c26ee-e5aa-4a16-9ae1-879f56e36e26,SalesPerson,Mary Moloney,54,True
55d002f2-b2d8-4635-b4eb-5314e1661217,9995ecb7-154e-4e0a-994d-92e10dedd642,SalesPerson,Eoin Tynan,382,True
55d002f2-b2d8-4635-b4eb-5314e1661217,50fc15ab-6536-4436-ab76-bc86e05b925f,SalesPerson,Thomas Neylon,398,True
55d002f2-b2d8-4635-b4eb-5314e1661217,cd1445b2-e865-4534-b78a-e9693b4b32f7,SalesPerson,Carmel Morrison,393,True
55d002f2-b2d8-4635-b4eb-5314e1661217,8292ecfb-1d7a-4f43-8832-f122f1304a21,SalesPerson,Florence Micoud,384,True
bbfe27cd-bd7c-42be-94fb-ce808992cd91,cb7c50ff-869c-4850-9db0-23a3cd389a99,SalesPerson,Leo Sun,400,True
bbfe27cd-bd7c-42be-94fb-ce808992cd91,f76958ff-cced-42bf-b8f4-4c338af302e8,SalesPerson,Bernard Gleeson,26,True
bbfe27cd-bd7c-42be-94fb-ce808992cd91,2d2c26ee-e5aa-4a16-9ae1-879f56e36e26,SalesPerson,Mary Moloney,54,True
bbfe27cd-bd7c-42be-94fb-ce808992cd91,9995ecb7-154e-4e0a-994d-92e10dedd642,SalesPerson,Eoin Tynan,382,True
bbfe27cd-bd7c-42be-94fb-ce808992cd91,50fc15ab-6536-4436-ab76-bc86e05b925f,SalesPerson,Thomas Neylon,398,True
bbfe27cd-bd7c-42be-94fb-ce808992cd91,cd1445b2-e865-4534-b78a-e9693b4b32f7,SalesPerson,Carmel Morrison,393,True
bbfe27cd-bd7c-42be-94fb-ce808992cd91,8292ecfb-1d7a-4f43-8832-f122f1304a21,SalesPerson,Florence Micoud,384,True
135b88eb-643a-492f-98b8-daa0b92ce6d4,cb7c50ff-869c-4850-9db0-23a3cd389a99,SalesPerson,Leo Sun,400,True
135b88eb-643a-492f-98b8-daa0b92ce6d4,f76958ff-cced-42bf-b8f4-4c338af302e8,SalesPerson,Bernard Gleeson,26,True
135b88eb-643a-492f-98b8-daa0b92ce6d4,2d2c26ee-e5aa-4a16-9ae1-879f56e36e26,SalesPerson,Mary Moloney,54,True
135b88eb-643a-492f-98b8-daa0b92ce6d4,9995ecb7-154e-4e0a-994d-92e10dedd642,SalesPerson,Eoin Tynan,382,True
135b88eb-643a-492f-98b8-daa0b92ce6d4,50fc15ab-6536-4436-ab76-bc86e05b925f,SalesPerson,Thomas Neylon,398,True
135b88eb-643a-492f-98b8-daa0b92ce6d4,cd1445b2-e865-4534-b78a-e9693b4b32f7,SalesPerson,Carmel Morrison,393,True
135b88eb-643a-492f-98b8-daa0b92ce6d4,8292ecfb-1d7a-4f43-8832-f122f1304a21,SalesPerson,Florence Micoud,384,True
39b85b2b-ddd5-4d5d-8f0b-73340017700a,cb7c50ff-869c-4850-9db0-23a3cd389a99,SalesPerson,Leo Sun,400,True
39b85b2b-ddd5-4d5d-8f0b-73340017700a,f76958ff-cced-42bf-b8f4-4c338af302e8,SalesPerson,Bernard Gleeson,26,True
39b85b2b-ddd5-4d5d-8f0b-73340017700a,2d2c26ee-e5aa-4a16-9ae1-879f56e36e26,SalesPerson,Mary Moloney,54,True
39b85b2b-ddd5-4d5d-8f0b-73340017700a,9995ecb7-154e-4e0a-994d-92e10dedd642,SalesPerson,Eoin Tynan,382,True
39b85b2b-ddd5-4d5d-8f0b-73340017700a,50fc15ab-6536-4436-ab76-bc86e05b925f,SalesPerson,Thomas Neylon,398,True
39b85b2b-ddd5-4d5d-8f0b-73340017700a,cd1445b2-e865-4534-b78a-e9693b4b32f7,SalesPerson,Carmel Morrison,393,True
39b85b2b-ddd5-4d5d-8f0b-73340017700a,8292ecfb-1d7a-4f43-8832-f122f1304a21,SalesPerson,Florence Micoud,384,True
