Id,RuleID,SourceType,Name,Description,OrgID,ConnectionID,IsActive,RuleActions,RuleTriggers,RuleCriterias
1,087e4102-9512-46a9-bd29-35140c07c110,2,Morning Report For Processflow,Daily Status Report,,,true,"{""ID"":""00ff5907-cdb5-43f8-ad91-9d9596904220"",""RuleID"":""087e4102-9512-46a9-bd29-35140c07c110"",""ActionType"":""1"",""ActionData"":""{\""subject\"":\""Daily Status Report\"",\""toRecepient\"":\""${orgEmails}$\"",\""emailbody\"":\""${NewMorningReportSummary}$\"",\""IsAggregate\"":false,\""ScheduleTime\"":\""\""}"",""Data"":{""IsAggregate"":false,""ScheduleTime"":""""},""EmailAction"":{""subject"":""Daily Status Report"",""toRecepient"":""${orgEmails}$"",""emailbody"":""<p>&lt;div&gt;&lt;/div&gt;<br />&lt;h2&gt;&lt;span style=\""font-size: 14px; font-weight: 400;\""&gt;${NewMorningReportSummary}$&lt;/span&gt;&lt;/h2&gt;<br />&lt;p&gt;&lt;br /&gt;&lt;br /&gt;&lt;/p&gt;<br />&lt;p&gt;&lt;/p&gt;</p>""},""SupportTicketAction"":null,""WebHookAction"":null,""CleanUpAction"":null,""CloudFunctionData"":null}","{""ID"":""3b44de8f-3f0d-4c84-88de-6069eee47e27"",""RuleID"":""087e4102-9512-46a9-bd29-35140c07c110"",""RuleType"":""1"",""IsRecurring"":true,""RecurringInterval"":null,""RecurranceID"":null,""RecurranceRule"":""FREQ=DAILY;BYHOUR=04:59"",""Description"":""Occurs daily at 04:59 HRS"",""EventType"":""""}","[{""ID"":""ea99b238-35fc-4cf6-9321-a02769618e8d"",""RuleID"":""087e4102-9512-46a9-bd29-35140c07c110"",""AndOr"":null,""ConditionData"":""~{NewProcessflowReSyncBucketCountWithinScheduledTimeWithFilter(\""All\"")}~"",""Operator"":""greater"",""Value"":""0"",""IsActive"":""true"",""CriteriaOrder"":null,""ConditionGroup"":null,""NodeId"":null}]"
2,3e0d90f1-aff0-4278-b501-58ec7070e353,2,ClearRuleForLogAndFiles,Clearing Log Bucket of OP Agent/Cloud Agent,,,true,"{""ID"":""9235d8ea-8701-4e80-9513-ec6c1c9b6de8"",""RuleID"":""3e0d90f1-aff0-4278-b501-58ec7070e353"",""ActionType"":""4"",""ActionData"":""[\""Log\"",\""File\""]"",""Data"":{""IsAggregate"":null,""ScheduleTime"":null},""EmailAction"":{""subject"":null,""toRecepient"":null,""emailbody"":null},""SupportTicketAction"":null,""WebHookAction"":null,""CleanUpAction"":{""LogData"":[],""ResyncData"":null,""FileData"":[]},""CloudFunctionData"":null}","{""ID"":""5423d9c3-19f6-4c98-85c1-b5037df9c21a"",""RuleID"":""3e0d90f1-aff0-4278-b501-58ec7070e353"",""RuleType"":""1"",""IsRecurring"":true,""RecurringInterval"":null,""RecurranceID"":null,""RecurranceRule"":""FREQ=DAILY;BYHOUR=02:30"",""Description"":""Occurs daily at 02:30 HRS"",""EventType"":""""}","[{""ID"":""a8ba8dc3-0e49-4bbc-b41e-8f3b2ce42cdd"",""RuleID"":""3e0d90f1-aff0-4278-b501-58ec7070e353"",""AndOr"":null,""ConditionData"":""~{LogCountOlderThanDays(\""15\"")}~"",""Operator"":""equal"",""Value"":""true"",""IsActive"":""true"",""CriteriaOrder"":null,""ConditionGroup"":null,""NodeId"":null}]"
3,628e855e-4ed1-4dab-a4a2-645181de32b0,2,ClearRuleForResync,Default rule for clearing the Resync Bucket of OP Agent/Cloud Agent.,,,true,"{""ID"":""0a012a6a-7752-438e-bc57-c21047f0c500"",""RuleID"":""628e855e-4ed1-4dab-a4a2-645181de32b0"",""ActionType"":""4"",""ActionData"":""[\""Resync\""]"",""Data"":{""IsAggregate"":null,""ScheduleTime"":null},""EmailAction"":{""subject"":null,""toRecepient"":null,""emailbody"":null},""SupportTicketAction"":null,""WebHookAction"":null,""CleanUpAction"":{""LogData"":null,""ResyncData"":[""0"",""1"",""-1"",""2""],""FileData"":null},""CloudFunctionData"":null}","{""ID"":""00c16f3f-81f5-40af-83fd-0d522b8828bb"",""RuleID"":""628e855e-4ed1-4dab-a4a2-645181de32b0"",""RuleType"":""1"",""IsRecurring"":true,""RecurringInterval"":null,""RecurranceID"":null,""RecurranceRule"":""FREQ=DAILY;BYHOUR=00:30"",""Description"":""Occurs daily at 00:30 HRS"",""EventType"":""""}","[{""ID"":""31ada06a-8162-4f22-ac65-7bbd40c88a0f"",""RuleID"":""628e855e-4ed1-4dab-a4a2-645181de32b0"",""AndOr"":""Or"",""ConditionData"":""~{ReSyncBucketCountOlderThanDays(\""15\"")}~"",""Operator"":""equal"",""Value"":""true"",""IsActive"":""true"",""CriteriaOrder"":null,""ConditionGroup"":null,""NodeId"":null}]"
4,f4149ca7-45f9-4363-b2ef-88b60f2bae1c,2,MorningReport,[Agent Communication] Daily Report,,,true,"{""ID"":""cd4a2003-c815-4efa-9db5-4626ffc0ee8b"",""RuleID"":""f4149ca7-45f9-4363-b2ef-88b60f2bae1c"",""ActionType"":""1"",""ActionData"":""{\""subject\"":\""Daily Report\"",\""toRecepient\"":\""${orgEmails}$\"",\""emailbody\"":\""<div><div></div><div><div><h2><span style=\\\""font-size: 14px; font-weight: 400;\\\"">${MorningReportSummary}$</span><br></h2></div><br></div><div></div><br></div><div><br></div>\"",\""IsAggregate\"":false,\""ScheduleTime\"":\""\""}"",""Data"":{""IsAggregate"":false,""ScheduleTime"":""""},""EmailAction"":{""subject"":""Daily Report"",""toRecepient"":""${orgEmails}$"",""emailbody"":""<div>\n<div></div>\n<div>\n<div>\n<h2><span style=\""font-size: 14px; font-weight: 400;\"">${MorningReportSummary}$</span></h2>\n</div>\n</div>\n<div></div>\n</div>\n<div></div>""},""SupportTicketAction"":null,""WebHookAction"":null,""CleanUpAction"":null,""CloudFunctionData"":null}","{""ID"":""f55f3985-d015-48dd-a28d-9d4309f36e0f"",""RuleID"":""f4149ca7-45f9-4363-b2ef-88b60f2bae1c"",""RuleType"":""1"",""IsRecurring"":true,""RecurringInterval"":null,""RecurranceID"":null,""RecurranceRule"":""FREQ=DAILY;BYHOUR=04:59"",""Description"":""Occurs daily at 04:59 HRS"",""EventType"":""""}","[{""ID"":""ab5a5ab1-4987-42c2-a0b8-0486b99d5d2e"",""RuleID"":""f4149ca7-45f9-4363-b2ef-88b60f2bae1c"",""AndOr"":null,""ConditionData"":""~{ReSyncBucketCountWithinScheduledTimeWithFilter(\""All\"")}~"",""Operator"":""greater"",""Value"":""0"",""IsActive"":""true"",""CriteriaOrder"":null,""ConditionGroup"":null,""NodeId"":null}]"
5,2c14d992-8769-4cdf-9ce4-2cfd270caae9,2,DetailedSyncReport,Detailed Sync Report,80ae6a0c-c6bb-48c7-9a82-0ff4de4ad3ab,,true,"{""ID"":""52c32972-8b0d-4564-9388-5460123eb38b"",""RuleID"":""2c14d992-8769-4cdf-9ce4-2cfd270caae9"",""ActionType"":""1"",""ActionData"":""{\""subject\"":\""Detailed Sync Report\"",\""toRecepient\"":\""${orgEmails}$\"",\""emailbody\"":\""<br>~{ReSyncBucketWithinScheduledTimeWithFilter(\\\""UNPROCESSED\\\"",\\\""ERROR\\\"",\\\""SKIPPED\\\"")}~\"",\""IsAggregate\"":false,\""ScheduleTime\"":\""\""}"",""Data"":{""IsAggregate"":false,""ScheduleTime"":""""},""EmailAction"":{""subject"":""Detailed Sync Report"",""toRecepient"":""${orgEmails}$"",""emailbody"":""<br>~{ReSyncBucketWithinScheduledTimeWithFilter(\""UNPROCESSED\"",\""ERROR\"",\""SKIPPED\"")}~""},""SupportTicketAction"":null,""WebHookAction"":null,""CleanUpAction"":null,""CloudFunctionData"":null}","{""ID"":""31a80eae-9e95-40ef-a077-306aac567c57"",""RuleID"":""2c14d992-8769-4cdf-9ce4-2cfd270caae9"",""RuleType"":""1"",""IsRecurring"":true,""RecurringInterval"":1,""RecurranceID"":null,""RecurranceRule"":""FREQ=HOURLY;INTERVAL=1"",""Description"":""Occurs every 1 hour(s)"",""EventType"":""""}","[{""ID"":""2522dc31-5c62-47cb-a0d7-8cd9840fb875"",""RuleID"":""2c14d992-8769-4cdf-9ce4-2cfd270caae9"",""AndOr"":null,""ConditionData"":""~{ReSyncBucketCountWithinScheduledTimeWithFilter(\""UNPROCESSED\"",\""ERROR\"",\""SKIPPED\"")}~"",""Operator"":""greater"",""Value"":""0"",""IsActive"":""true"",""CriteriaOrder"":null,""ConditionGroup"":null,""NodeId"":null}]"
