Id,CredentialAssignmentId,CredentialId,AgentCredentialName,AgentCredentialValue,WorkflowId,NodeId
14,4be6a350-e858-4c15-bbce-43885fa83960,17fd9e6c-6f2c-4bf1-94f4-d6184bdfbe13,SAP Business One# 1,3f3219d3-45d5-4ab0-b70f-7138bd494200,eec30f37-dac8-469c-b69a-4f6ea80ba8a6,ddf298c0-b317-44ea-9064-47ae157b11c0
15,24823d9d-bb94-4f72-91d6-95157ac76308,df54c5e7-c776-406a-bc7b-0339e2a00523,Salesforce# 1,3c55198a-aabc-4d27-9cde-2682ae99a7a7,eec30f37-dac8-469c-b69a-4f6ea80ba8a6,0754c584-a07d-4283-8ddb-627c081e872d
16,4be6a350-e858-4c15-bbce-43885fa83960,17fd9e6c-6f2c-4bf1-94f4-d6184bdfbe13,SAP Business One# 1,3f3219d3-45d5-4ab0-b70f-7138bd494200,eec30f37-dac8-469c-b69a-4f6ea80ba8a6,f41ced2f-e4ff-45a5-9ee4-63b6191705c8
17,24823d9d-bb94-4f72-91d6-95157ac76308,df54c5e7-c776-406a-bc7b-0339e2a00523,Salesforce# 1,3c55198a-aabc-4d27-9cde-2682ae99a7a7,eec30f37-dac8-469c-b69a-4f6ea80ba8a6,adb1d076-3a1f-4967-8457-cd2a87dd9a47
18,24823d9d-bb94-4f72-91d6-95157ac76308,df54c5e7-c776-406a-bc7b-0339e2a00523,Salesforce# 1,3c55198a-aabc-4d27-9cde-2682ae99a7a7,eec30f37-dac8-469c-b69a-4f6ea80ba8a6,e2cee819-2ab5-476d-bdf9-d0f20539a627
19,98cb68b0-7cd0-49e8-aed5-b9d5a797a666,df54c5e7-c776-406a-bc7b-0339e2a00523,Salesforce# 1,939c21ab-de92-4787-a003-a77ba8170f0c,55b693b6-c722-43c9-a811-ef0abcb12cc1,3636c6cc-dadf-409e-9e71-3701883e4188
20,98cb68b0-7cd0-49e8-aed5-b9d5a797a666,df54c5e7-c776-406a-bc7b-0339e2a00523,Salesforce# 1,939c21ab-de92-4787-a003-a77ba8170f0c,55b693b6-c722-43c9-a811-ef0abcb12cc1,025525a4-c15c-48e0-bbd0-42f4afc66a19
21,d3ca6356-4d78-424b-a10c-ea45efb2b8ea,17fd9e6c-6f2c-4bf1-94f4-d6184bdfbe13,SAP Business One# 1,256db32a-6d10-4a15-ab91-1734a4bd5425,55b693b6-c722-43c9-a811-ef0abcb12cc1,f1c09412-a4a5-4365-9259-b316381aca5d
22,98cb68b0-7cd0-49e8-aed5-b9d5a797a666,df54c5e7-c776-406a-bc7b-0339e2a00523,Salesforce# 1,939c21ab-de92-4787-a003-a77ba8170f0c,55b693b6-c722-43c9-a811-ef0abcb12cc1,90f7c469-7ccc-4186-a625-be3b28b988cb
23,d3ca6356-4d78-424b-a10c-ea45efb2b8ea,17fd9e6c-6f2c-4bf1-94f4-d6184bdfbe13,SAP Business One# 1,256db32a-6d10-4a15-ab91-1734a4bd5425,55b693b6-c722-43c9-a811-ef0abcb12cc1,939ed6c0-1c57-4391-b79a-c305930bdf6b
24,d7717e05-59ec-41e9-b505-ccb704d7e5b8,df54c5e7-c776-406a-bc7b-0339e2a00523,Salesforce# 1,3c55198a-aabc-4d27-9cde-2682ae99a7a7,d98d6934-d11f-4ae2-94bb-863ed34cce90,7b17883f-f90a-40d3-bb29-03ea5543dd26
25,1b5950f5-6324-4d77-9f35-d6db879f4d5f,17fd9e6c-6f2c-4bf1-94f4-d6184bdfbe13,SAP Business One# 1,3f3219d3-45d5-4ab0-b70f-7138bd494200,d98d6934-d11f-4ae2-94bb-863ed34cce90,3fb364a1-59ac-4456-a2b0-7b6484538fba
26,d7717e05-59ec-41e9-b505-ccb704d7e5b8,df54c5e7-c776-406a-bc7b-0339e2a00523,Salesforce# 1,3c55198a-aabc-4d27-9cde-2682ae99a7a7,d98d6934-d11f-4ae2-94bb-863ed34cce90,1bf4c7da-0cb9-41d1-ae79-8784bd4fb169
34,2b7199a4-7f08-4ced-9b4f-1a144f805f47,17fd9e6c-6f2c-4bf1-94f4-d6184bdfbe13,SAP Business One# 1,256db32a-6d10-4a15-ab91-1734a4bd5425,7bbbb348-c64c-4032-bb6c-ad05faeb0f53,10608beb-c695-41aa-8ecc-2ec421dd9cc4
35,2b7199a4-7f08-4ced-9b4f-1a144f805f47,17fd9e6c-6f2c-4bf1-94f4-d6184bdfbe13,SAP Business One# 1,256db32a-6d10-4a15-ab91-1734a4bd5425,7bbbb348-c64c-4032-bb6c-ad05faeb0f53,7301527e-1452-4a7e-9e52-5f8e6ee4def6
36,83e1bfe7-4f3e-420f-a11c-bd963b38e680,df54c5e7-c776-406a-bc7b-0339e2a00523,Salesforce# 1,939c21ab-de92-4787-a003-a77ba8170f0c,7bbbb348-c64c-4032-bb6c-ad05faeb0f53,9880ef45-8158-4085-903f-fea039bbd807
44,6e178e6c-dc62-4a54-8701-efd9891049e5,df54c5e7-c776-406a-bc7b-0339e2a00523,Salesforce# 1,939c21ab-de92-4787-a003-a77ba8170f0c,6a0562c1-5233-4a44-b032-4b5a9956a774,0fa9fe8f-48c7-41cf-a823-73531bdd2a05
45,b69e0406-85b5-440d-a117-6cf36d0d8fd9,17fd9e6c-6f2c-4bf1-94f4-d6184bdfbe13,SAP Business One# 1,256db32a-6d10-4a15-ab91-1734a4bd5425,6a0562c1-5233-4a44-b032-4b5a9956a774,2ca27a1c-914d-462c-86b3-8fb648d0317a
46,b69e0406-85b5-440d-a117-6cf36d0d8fd9,17fd9e6c-6f2c-4bf1-94f4-d6184bdfbe13,SAP Business One# 1,256db32a-6d10-4a15-ab91-1734a4bd5425,6a0562c1-5233-4a44-b032-4b5a9956a774,01d61e9f-a51f-4fc1-b1e8-a1dc5580c002
47,6e178e6c-dc62-4a54-8701-efd9891049e5,df54c5e7-c776-406a-bc7b-0339e2a00523,Salesforce# 1,939c21ab-de92-4787-a003-a77ba8170f0c,6a0562c1-5233-4a44-b032-4b5a9956a774,3f906a33-9f7c-4b9d-8624-b30bf13d49f5
48,6e178e6c-dc62-4a54-8701-efd9891049e5,df54c5e7-c776-406a-bc7b-0339e2a00523,Salesforce# 1,939c21ab-de92-4787-a003-a77ba8170f0c,6a0562c1-5233-4a44-b032-4b5a9956a774,4966d482-b0e6-4988-b341-d5df4723c655
56,0b6df156-6af7-46ff-a90a-41bf380ed474,df54c5e7-c776-406a-bc7b-0339e2a00523,Salesforce# 1,3c55198a-aabc-4d27-9cde-2682ae99a7a7,132276e0-7f8f-4521-878f-7916bec5fe34,ad17bacf-bca1-4d12-9e0e-72dd8d6578dc
57,136d74d0-0386-4f47-a8df-31898d36d69f,df54c5e7-c776-406a-bc7b-0339e2a00523,Salesforce# 1,3c55198a-aabc-4d27-9cde-2682ae99a7a7,132276e0-7f8f-4521-878f-7916bec5fe34,91afcc5e-d7ef-4a7c-b405-8106d59e14e2
58,136d74d0-0386-4f47-a8df-31898d36d69f,df54c5e7-c776-406a-bc7b-0339e2a00523,Salesforce# 1,3c55198a-aabc-4d27-9cde-2682ae99a7a7,132276e0-7f8f-4521-878f-7916bec5fe34,125fb389-7416-4df2-b760-a424132feab9
59,038f635c-4ad2-48fc-9eac-a74e969864d7,17fd9e6c-6f2c-4bf1-94f4-d6184bdfbe13,SAP Business One# 1,3f3219d3-45d5-4ab0-b70f-7138bd494200,132276e0-7f8f-4521-878f-7916bec5fe34,ec0356dc-9816-43ef-a948-b9eb0ee559f0
63,ed218f7d-fe5f-4ea3-84f0-6a98be5787b6,df54c5e7-c776-406a-bc7b-0339e2a00523,Salesforce# 1,3c55198a-aabc-4d27-9cde-2682ae99a7a7,bbfe27cd-bd7c-42be-94fb-ce808992cd91,39ea4c37-4ec7-40ef-8d0a-0004720399dc
64,ed218f7d-fe5f-4ea3-84f0-6a98be5787b6,df54c5e7-c776-406a-bc7b-0339e2a00523,Salesforce# 1,3c55198a-aabc-4d27-9cde-2682ae99a7a7,bbfe27cd-bd7c-42be-94fb-ce808992cd91,31c846ed-5197-4ccf-8b74-5c27c820b6b7
65,b89cea47-045c-44d1-bc44-a86520e23a2f,17fd9e6c-6f2c-4bf1-94f4-d6184bdfbe13,SAP Business One# 1,3f3219d3-45d5-4ab0-b70f-7138bd494200,bbfe27cd-bd7c-42be-94fb-ce808992cd91,95acc3cf-a15d-4884-9e8d-615c49839a1f
66,b89cea47-045c-44d1-bc44-a86520e23a2f,17fd9e6c-6f2c-4bf1-94f4-d6184bdfbe13,SAP Business One# 1,3f3219d3-45d5-4ab0-b70f-7138bd494200,bbfe27cd-bd7c-42be-94fb-ce808992cd91,e669ace6-805b-4213-b95d-61d13b242c9b
67,b89cea47-045c-44d1-bc44-a86520e23a2f,17fd9e6c-6f2c-4bf1-94f4-d6184bdfbe13,SAP Business One# 1,3f3219d3-45d5-4ab0-b70f-7138bd494200,bbfe27cd-bd7c-42be-94fb-ce808992cd91,0e1a0ece-4818-4a64-8df9-6eb05196c1c1
68,ed218f7d-fe5f-4ea3-84f0-6a98be5787b6,df54c5e7-c776-406a-bc7b-0339e2a00523,Salesforce# 1,3c55198a-aabc-4d27-9cde-2682ae99a7a7,bbfe27cd-bd7c-42be-94fb-ce808992cd91,df903d43-a785-412e-bae1-9939d607dda7
69,ed218f7d-fe5f-4ea3-84f0-6a98be5787b6,df54c5e7-c776-406a-bc7b-0339e2a00523,Salesforce# 1,3c55198a-aabc-4d27-9cde-2682ae99a7a7,bbfe27cd-bd7c-42be-94fb-ce808992cd91,d24d6894-1c3c-4938-950d-fc437da6bddf
70,da3c61f6-8cd5-4509-a4e2-d629aa4d7451,df54c5e7-c776-406a-bc7b-0339e2a00523,Salesforce# 1,3c55198a-aabc-4d27-9cde-2682ae99a7a7,55d002f2-b2d8-4635-b4eb-5314e1661217,1586073e-5dbc-4ab9-b36e-09c4f1c6a39b
71,da3c61f6-8cd5-4509-a4e2-d629aa4d7451,df54c5e7-c776-406a-bc7b-0339e2a00523,Salesforce# 1,3c55198a-aabc-4d27-9cde-2682ae99a7a7,55d002f2-b2d8-4635-b4eb-5314e1661217,51158ee7-25ea-445b-b197-5888fd8e18f8
72,d0b16c2c-7562-4b6a-877a-7ce5be1f8ed5,17fd9e6c-6f2c-4bf1-94f4-d6184bdfbe13,SAP Business One# 1,3f3219d3-45d5-4ab0-b70f-7138bd494200,55d002f2-b2d8-4635-b4eb-5314e1661217,f4a8031d-e635-40b4-9ca7-6b9d86787c1e
73,da3c61f6-8cd5-4509-a4e2-d629aa4d7451,df54c5e7-c776-406a-bc7b-0339e2a00523,Salesforce# 1,3c55198a-aabc-4d27-9cde-2682ae99a7a7,55d002f2-b2d8-4635-b4eb-5314e1661217,eb7109c3-4551-4ae7-99ab-750d3f857da4
74,d0b16c2c-7562-4b6a-877a-7ce5be1f8ed5,17fd9e6c-6f2c-4bf1-94f4-d6184bdfbe13,SAP Business One# 1,3f3219d3-45d5-4ab0-b70f-7138bd494200,55d002f2-b2d8-4635-b4eb-5314e1661217,fed8de38-3fae-456f-9cc5-93e10ddc7c89
75,da3c61f6-8cd5-4509-a4e2-d629aa4d7451,df54c5e7-c776-406a-bc7b-0339e2a00523,Salesforce# 1,3c55198a-aabc-4d27-9cde-2682ae99a7a7,55d002f2-b2d8-4635-b4eb-5314e1661217,930d757a-1860-4750-bba0-c0288966c75d
76,d0b16c2c-7562-4b6a-877a-7ce5be1f8ed5,17fd9e6c-6f2c-4bf1-94f4-d6184bdfbe13,SAP Business One# 1,3f3219d3-45d5-4ab0-b70f-7138bd494200,55d002f2-b2d8-4635-b4eb-5314e1661217,6678d372-f55f-45db-9350-ff54c465d0a8
88,612efb5e-4a2f-456e-9faa-1fc1b0971be4,17fd9e6c-6f2c-4bf1-94f4-d6184bdfbe13,SAP Business One# 1,256db32a-6d10-4a15-ab91-1734a4bd5425,abb62de0-7e59-444b-a4bc-49eca129a56f,9ef141eb-0fd4-4d5b-931e-0b0a97a0073d
89,612efb5e-4a2f-456e-9faa-1fc1b0971be4,17fd9e6c-6f2c-4bf1-94f4-d6184bdfbe13,SAP Business One# 1,256db32a-6d10-4a15-ab91-1734a4bd5425,abb62de0-7e59-444b-a4bc-49eca129a56f,15fd6be5-7236-4484-a6b4-0cdbbe31abcd
90,6c02fecb-8b2b-4da0-9ae2-b534eac556bd,df54c5e7-c776-406a-bc7b-0339e2a00523,Salesforce# 1,939c21ab-de92-4787-a003-a77ba8170f0c,abb62de0-7e59-444b-a4bc-49eca129a56f,96816cdf-d547-4499-9c69-5c51b3f99d8a
98,21685753-87d8-41b6-a646-199c68a7e02f,df54c5e7-c776-406a-bc7b-0339e2a00523,Salesforce# 1,939c21ab-de92-4787-a003-a77ba8170f0c,69b9f83a-d9af-498f-8efc-e75aa1c405dd,e1e2376f-189c-4a28-b729-65f83c5680b8
99,979f5b63-7232-4575-b6c1-626db4b6e2e0,17fd9e6c-6f2c-4bf1-94f4-d6184bdfbe13,SAP Business One# 1,256db32a-6d10-4a15-ab91-1734a4bd5425,69b9f83a-d9af-498f-8efc-e75aa1c405dd,df7315fb-ba2f-4dbc-8484-97b6bf2598be
100,979f5b63-7232-4575-b6c1-626db4b6e2e0,17fd9e6c-6f2c-4bf1-94f4-d6184bdfbe13,SAP Business One# 1,256db32a-6d10-4a15-ab91-1734a4bd5425,69b9f83a-d9af-498f-8efc-e75aa1c405dd,4f1c54ef-47ee-443b-bee7-df752147f2b9
101,84480db7-2a1e-48cc-92ed-4a2c87771fe0,17fd9e6c-6f2c-4bf1-94f4-d6184bdfbe13,SAP Business One# 1,256db32a-6d10-4a15-ab91-1734a4bd5425,6f4829c9-b6b6-46ad-bff8-a85501fa06dc,8f8c1023-419e-46d1-b22f-017074cf0a7c
102,84480db7-2a1e-48cc-92ed-4a2c87771fe0,17fd9e6c-6f2c-4bf1-94f4-d6184bdfbe13,SAP Business One# 1,256db32a-6d10-4a15-ab91-1734a4bd5425,6f4829c9-b6b6-46ad-bff8-a85501fa06dc,0d5b2c04-134c-473f-97fd-60605a604da2
103,123411c9-1677-4b2b-9b12-bba468844101,df54c5e7-c776-406a-bc7b-0339e2a00523,Salesforce# 1,939c21ab-de92-4787-a003-a77ba8170f0c,6f4829c9-b6b6-46ad-bff8-a85501fa06dc,a8cd3c5e-c82a-48b6-abc4-802c79167606
104,ef9ad08f-c3e7-47e4-b47e-2ddd80a7959a,17fd9e6c-6f2c-4bf1-94f4-d6184bdfbe13,SAP Business One# 1,256db32a-6d10-4a15-ab91-1734a4bd5425,df01b9a8-cfe6-427a-87c4-3748014644ff,4bacfc04-02dd-4d2d-a6f2-3ae39e3caa7f
105,ef9ad08f-c3e7-47e4-b47e-2ddd80a7959a,17fd9e6c-6f2c-4bf1-94f4-d6184bdfbe13,SAP Business One# 1,256db32a-6d10-4a15-ab91-1734a4bd5425,df01b9a8-cfe6-427a-87c4-3748014644ff,a5473796-f1a3-4ba9-b297-40ea9711c729
106,1e57eb44-3fed-4569-8754-780cfb75303f,df54c5e7-c776-406a-bc7b-0339e2a00523,Salesforce# 1,939c21ab-de92-4787-a003-a77ba8170f0c,df01b9a8-cfe6-427a-87c4-3748014644ff,32f334ae-33df-4e5a-9f9e-50d82e02fc21
107,ef9ad08f-c3e7-47e4-b47e-2ddd80a7959a,17fd9e6c-6f2c-4bf1-94f4-d6184bdfbe13,SAP Business One# 1,256db32a-6d10-4a15-ab91-1734a4bd5425,df01b9a8-cfe6-427a-87c4-3748014644ff,a5ca1cf7-12b5-473e-a458-6723bef8ca96
108,c50e1eec-069e-45b9-bed1-dd5e03b7f9d4,df54c5e7-c776-406a-bc7b-0339e2a00523,Salesforce# 1,939c21ab-de92-4787-a003-a77ba8170f0c,a3fc74f0-1682-4a66-90b9-b0816cdad2b7,7bb62adb-4184-4315-b0b5-08bc9b13dae5
109,cae11d0f-2151-42da-acfc-620800b9a197,17fd9e6c-6f2c-4bf1-94f4-d6184bdfbe13,SAP Business One# 1,256db32a-6d10-4a15-ab91-1734a4bd5425,a3fc74f0-1682-4a66-90b9-b0816cdad2b7,c35889c2-e06b-4a25-9308-8093632fdc43
110,cae11d0f-2151-42da-acfc-620800b9a197,17fd9e6c-6f2c-4bf1-94f4-d6184bdfbe13,SAP Business One# 1,256db32a-6d10-4a15-ab91-1734a4bd5425,a3fc74f0-1682-4a66-90b9-b0816cdad2b7,4e9fd638-5bcf-46fc-8551-be2fc6f796ae
111,bb1cf5b6-5f64-4551-8590-b9fb2dce428f,17fd9e6c-6f2c-4bf1-94f4-d6184bdfbe13,SAP Business One# 1,256db32a-6d10-4a15-ab91-1734a4bd5425,415fe86b-cf19-4910-a8cc-31879dc0c5ff,4bd8a7e3-2bfd-4f79-9e80-2af4cacf1f59
112,bb1cf5b6-5f64-4551-8590-b9fb2dce428f,17fd9e6c-6f2c-4bf1-94f4-d6184bdfbe13,SAP Business One# 1,256db32a-6d10-4a15-ab91-1734a4bd5425,415fe86b-cf19-4910-a8cc-31879dc0c5ff,a5c9c32f-a0c5-407f-b9b0-ab189cc3aea6
113,3e33d4df-0805-452d-ad20-8c35dc4ae922,df54c5e7-c776-406a-bc7b-0339e2a00523,Salesforce# 1,939c21ab-de92-4787-a003-a77ba8170f0c,415fe86b-cf19-4910-a8cc-31879dc0c5ff,0f61dd28-993b-49d4-b7e8-f20fb1130560
114,72a504f8-750e-4108-9e40-f7bbc841aba3,17fd9e6c-6f2c-4bf1-94f4-d6184bdfbe13,SAP Business One# 1,256db32a-6d10-4a15-ab91-1734a4bd5425,4da3a75c-1d59-4e3b-9337-3ae6b08b8055,3f11da03-a481-40f5-af3c-31c8e0e50f2d
115,4ed4b2c0-b0f1-4cd0-847c-dcaf8f52c722,df54c5e7-c776-406a-bc7b-0339e2a00523,Salesforce# 1,939c21ab-de92-4787-a003-a77ba8170f0c,4da3a75c-1d59-4e3b-9337-3ae6b08b8055,ec2e78c3-7607-42ba-8a7f-870ebcceba91
116,72a504f8-750e-4108-9e40-f7bbc841aba3,17fd9e6c-6f2c-4bf1-94f4-d6184bdfbe13,SAP Business One# 1,256db32a-6d10-4a15-ab91-1734a4bd5425,4da3a75c-1d59-4e3b-9337-3ae6b08b8055,9cf1924d-afc8-4ca1-9c1a-bf437f72bb0e
117,4ed4b2c0-b0f1-4cd0-847c-dcaf8f52c722,df54c5e7-c776-406a-bc7b-0339e2a00523,Salesforce# 1,939c21ab-de92-4787-a003-a77ba8170f0c,4da3a75c-1d59-4e3b-9337-3ae6b08b8055,e92258ff-7c47-43a6-bb63-d66ecfc1d315
118,f6b16c68-1b7a-4f5e-9e0d-db3592815bd6,17fd9e6c-6f2c-4bf1-94f4-d6184bdfbe13,SAP Business One# 1,256db32a-6d10-4a15-ab91-1734a4bd5425,f63ff2f9-58f3-494e-a071-110c416199d3,a634de26-8834-4387-9bfb-26890452a6c3
119,169270db-4e2e-4659-a301-80a0f3f96ff0,df54c5e7-c776-406a-bc7b-0339e2a00523,Salesforce# 1,939c21ab-de92-4787-a003-a77ba8170f0c,f63ff2f9-58f3-494e-a071-110c416199d3,29d6df23-ab43-402d-91bc-601dcf9fe788
120,f6b16c68-1b7a-4f5e-9e0d-db3592815bd6,17fd9e6c-6f2c-4bf1-94f4-d6184bdfbe13,SAP Business One# 1,256db32a-6d10-4a15-ab91-1734a4bd5425,f63ff2f9-58f3-494e-a071-110c416199d3,12184969-d634-49b8-8add-c8eec91ce04a
121,1e9dc997-81b2-4478-9614-c84c527581ff,17fd9e6c-6f2c-4bf1-94f4-d6184bdfbe13,SAP Business One# 1,256db32a-6d10-4a15-ab91-1734a4bd5425,e4f2f81b-4aad-415b-abef-35375f1757cd,61d278db-042e-4ac1-b3ae-571e2b56c11e
122,1e9dc997-81b2-4478-9614-c84c527581ff,17fd9e6c-6f2c-4bf1-94f4-d6184bdfbe13,SAP Business One# 1,256db32a-6d10-4a15-ab91-1734a4bd5425,e4f2f81b-4aad-415b-abef-35375f1757cd,0536169d-b237-4b2f-803f-a9b1276b8338
123,2e5cc96b-cc6a-4da3-b202-e39057f0ea87,df54c5e7-c776-406a-bc7b-0339e2a00523,Salesforce# 1,939c21ab-de92-4787-a003-a77ba8170f0c,e4f2f81b-4aad-415b-abef-35375f1757cd,405f9f99-a3b9-42fc-8456-b71754516dea
124,c3147fcc-0cfd-4fce-b77a-ddbb5cc629b5,df54c5e7-c776-406a-bc7b-0339e2a00523,Salesforce# 1,939c21ab-de92-4787-a003-a77ba8170f0c,6f76f102-f1d1-4ec5-85cc-7d58211ca626,d6661472-f32e-4e9a-bcc4-4bb1cc177a42
125,92ed2987-9557-44ce-9e36-783d8d7dc2ea,17fd9e6c-6f2c-4bf1-94f4-d6184bdfbe13,SAP Business One# 1,256db32a-6d10-4a15-ab91-1734a4bd5425,6f76f102-f1d1-4ec5-85cc-7d58211ca626,36b7fc27-4177-4883-bb0d-58b2017c1d47
126,92ed2987-9557-44ce-9e36-783d8d7dc2ea,17fd9e6c-6f2c-4bf1-94f4-d6184bdfbe13,SAP Business One# 1,256db32a-6d10-4a15-ab91-1734a4bd5425,6f76f102-f1d1-4ec5-85cc-7d58211ca626,44f4f57e-2d9b-4f7d-9e3f-7be9ef9f42cd
127,c3147fcc-0cfd-4fce-b77a-ddbb5cc629b5,df54c5e7-c776-406a-bc7b-0339e2a00523,Salesforce# 1,939c21ab-de92-4787-a003-a77ba8170f0c,6f76f102-f1d1-4ec5-85cc-7d58211ca626,4ab54df8-763c-4d44-9242-f355a4b6a02e
128,c941691d-1f6d-42bc-9f7d-ab07d1c58dbd,17fd9e6c-6f2c-4bf1-94f4-d6184bdfbe13,SAP Business One# 1,256db32a-6d10-4a15-ab91-1734a4bd5425,d8897a30-0bf0-4f04-84ec-e3f5762ddbb9,97a8a798-f97f-41ea-88bb-33edb3fc5d7e
129,892f64be-9d34-47bc-b61e-43d5b509476a,df54c5e7-c776-406a-bc7b-0339e2a00523,Salesforce# 1,939c21ab-de92-4787-a003-a77ba8170f0c,d8897a30-0bf0-4f04-84ec-e3f5762ddbb9,5f16128b-2c5b-4bbe-8a18-7d586ddc8b3a
130,892f64be-9d34-47bc-b61e-43d5b509476a,df54c5e7-c776-406a-bc7b-0339e2a00523,Salesforce# 1,939c21ab-de92-4787-a003-a77ba8170f0c,d8897a30-0bf0-4f04-84ec-e3f5762ddbb9,e45d205c-0655-4a54-bb38-99f6b0885203
131,892f64be-9d34-47bc-b61e-43d5b509476a,df54c5e7-c776-406a-bc7b-0339e2a00523,Salesforce# 1,939c21ab-de92-4787-a003-a77ba8170f0c,d8897a30-0bf0-4f04-84ec-e3f5762ddbb9,4dd948e6-f55b-4726-ab4f-c1c83816f6b7
141,ef4df652-9614-4090-99f7-df31f7091a61,17fd9e6c-6f2c-4bf1-94f4-d6184bdfbe13,SAP Business One# 1,3f3219d3-45d5-4ab0-b70f-7138bd494200,135b88eb-643a-492f-98b8-daa0b92ce6d4,1856b67a-3ade-4b36-8990-1890b2d65cd7
142,e6636812-21e7-4986-a8eb-d6efa92f3653,df54c5e7-c776-406a-bc7b-0339e2a00523,Salesforce# 1,3c55198a-aabc-4d27-9cde-2682ae99a7a7,135b88eb-643a-492f-98b8-daa0b92ce6d4,15beb885-230e-4e83-84b8-2b52842f56d4
143,e6636812-21e7-4986-a8eb-d6efa92f3653,df54c5e7-c776-406a-bc7b-0339e2a00523,Salesforce# 1,3c55198a-aabc-4d27-9cde-2682ae99a7a7,135b88eb-643a-492f-98b8-daa0b92ce6d4,37197df9-d68d-4654-89e8-4c92e7f6565e
144,ef4df652-9614-4090-99f7-df31f7091a61,17fd9e6c-6f2c-4bf1-94f4-d6184bdfbe13,SAP Business One# 1,3f3219d3-45d5-4ab0-b70f-7138bd494200,135b88eb-643a-492f-98b8-daa0b92ce6d4,1d9cb083-0e85-4ba9-94ef-4ddeb31095c6
145,e6636812-21e7-4986-a8eb-d6efa92f3653,df54c5e7-c776-406a-bc7b-0339e2a00523,Salesforce# 1,3c55198a-aabc-4d27-9cde-2682ae99a7a7,135b88eb-643a-492f-98b8-daa0b92ce6d4,b68b494c-9f01-44b3-a9cf-8150cf8e6b2f
146,ef4df652-9614-4090-99f7-df31f7091a61,17fd9e6c-6f2c-4bf1-94f4-d6184bdfbe13,SAP Business One# 1,3f3219d3-45d5-4ab0-b70f-7138bd494200,135b88eb-643a-492f-98b8-daa0b92ce6d4,6e403db3-a983-47c2-91c9-960197962470
147,ef4df652-9614-4090-99f7-df31f7091a61,17fd9e6c-6f2c-4bf1-94f4-d6184bdfbe13,SAP Business One# 1,3f3219d3-45d5-4ab0-b70f-7138bd494200,135b88eb-643a-492f-98b8-daa0b92ce6d4,949eca21-9bcb-41e6-9b91-c48b1c8d2e41
148,e6636812-21e7-4986-a8eb-d6efa92f3653,df54c5e7-c776-406a-bc7b-0339e2a00523,Salesforce# 1,3c55198a-aabc-4d27-9cde-2682ae99a7a7,135b88eb-643a-492f-98b8-daa0b92ce6d4,fe9df838-9ffa-4174-a0f2-faed73817217
149,f37247c8-dfa7-480f-b700-3ad4696df185,17fd9e6c-6f2c-4bf1-94f4-d6184bdfbe13,SAP Business One# 1,256db32a-6d10-4a15-ab91-1734a4bd5425,39b85b2b-ddd5-4d5d-8f0b-73340017700a,feb09eb8-b86d-416f-8699-0a7c495abd78
150,47eb7f4d-01b9-4150-8c95-6b46ad60c2c0,df54c5e7-c776-406a-bc7b-0339e2a00523,Salesforce# 1,939c21ab-de92-4787-a003-a77ba8170f0c,39b85b2b-ddd5-4d5d-8f0b-73340017700a,ac313c6e-de23-41eb-960c-30cbd9915913
151,47eb7f4d-01b9-4150-8c95-6b46ad60c2c0,df54c5e7-c776-406a-bc7b-0339e2a00523,Salesforce# 1,939c21ab-de92-4787-a003-a77ba8170f0c,39b85b2b-ddd5-4d5d-8f0b-73340017700a,4f67a13d-ed4e-4343-bc16-5561bf8a496e
152,47eb7f4d-01b9-4150-8c95-6b46ad60c2c0,df54c5e7-c776-406a-bc7b-0339e2a00523,Salesforce# 1,939c21ab-de92-4787-a003-a77ba8170f0c,39b85b2b-ddd5-4d5d-8f0b-73340017700a,7a6ff74f-5cd7-470e-916e-559e2a3f6a4c
153,47eb7f4d-01b9-4150-8c95-6b46ad60c2c0,df54c5e7-c776-406a-bc7b-0339e2a00523,Salesforce# 1,939c21ab-de92-4787-a003-a77ba8170f0c,39b85b2b-ddd5-4d5d-8f0b-73340017700a,ef733679-a1e5-45db-a6f0-9bfcbd465815
154,f37247c8-dfa7-480f-b700-3ad4696df185,17fd9e6c-6f2c-4bf1-94f4-d6184bdfbe13,SAP Business One# 1,256db32a-6d10-4a15-ab91-1734a4bd5425,39b85b2b-ddd5-4d5d-8f0b-73340017700a,63654771-486a-4d46-b6c0-a24bcea0d8cd
155,f37247c8-dfa7-480f-b700-3ad4696df185,17fd9e6c-6f2c-4bf1-94f4-d6184bdfbe13,SAP Business One# 1,256db32a-6d10-4a15-ab91-1734a4bd5425,39b85b2b-ddd5-4d5d-8f0b-73340017700a,381dbfff-4568-4a73-baca-c014680a3c61
156,47eb7f4d-01b9-4150-8c95-6b46ad60c2c0,df54c5e7-c776-406a-bc7b-0339e2a00523,Salesforce# 1,939c21ab-de92-4787-a003-a77ba8170f0c,39b85b2b-ddd5-4d5d-8f0b-73340017700a,47d8d477-2359-4a81-8c1c-d489efb27b0a
157,f37247c8-dfa7-480f-b700-3ad4696df185,17fd9e6c-6f2c-4bf1-94f4-d6184bdfbe13,SAP Business One# 1,256db32a-6d10-4a15-ab91-1734a4bd5425,39b85b2b-ddd5-4d5d-8f0b-73340017700a,18add16e-946d-4224-9ff9-fc14b3dd9e22
