Id,WorkflowId,WorkflowLinkId,WorkflowNodeFromId,WorkflowNodeToId,LinkType,LinkText,AdditionalData,LinkSourceSettings,LinkDestinationSettings,LinkDataOrder,IsCompleted
2017,eec30f37-dac8-469c-b69a-4f6ea80ba8a6,3bc97717-3beb-471c-bc9b-0d934d0e77a2,f41ced2f-e4ff-45a5-9ee4-63b6191705c8,744e17a8-8dfd-4258-9767-a542bcfded28,0,,"{""TypeText"":"""",""linkOrder"":""2"",""Description"":""Link""}",,,,
2018,eec30f37-dac8-469c-b69a-4f6ea80ba8a6,cffc5849-9a5c-4aec-87ad-1e08c5404025,f41ced2f-e4ff-45a5-9ee4-63b6191705c8,15657a0a-c465-43f4-9040-789a790598fe,0,,"{""TypeText"":"""",""linkOrder"":""2"",""Description"":""Link""}",,,,
2019,eec30f37-dac8-469c-b69a-4f6ea80ba8a6,849d9f80-a41d-42f3-b491-8291c12e5a2c,e7b22f82-8800-4257-8cc1-b6de9bf942fc,f41ced2f-e4ff-45a5-9ee4-63b6191705c8,0,,"{""TypeText"":"""",""Description"":""Link"",""linkOrder"":""1""}",,,,
2020,eec30f37-dac8-469c-b69a-4f6ea80ba8a6,af17dcb2-2d58-4ddd-80ec-82c40f1f8266,0754c584-a07d-4283-8ddb-627c081e872d,ba32aa66-fa7a-4f41-b3f5-71cd5fc0197a,0,,"{""TypeText"":"""",""Description"":""Link"",""linkOrder"":""2""}",,,,
2021,eec30f37-dac8-469c-b69a-4f6ea80ba8a6,0c7656a5-e572-411e-aea7-889e0abe4b0d,ba32aa66-fa7a-4f41-b3f5-71cd5fc0197a,ddf298c0-b317-44ea-9064-47ae157b11c0,0,,"{""TypeText"":"""",""linkOrder"":""1"",""Description"":""Link""}",,,,
2022,eec30f37-dac8-469c-b69a-4f6ea80ba8a6,c2adca35-58b5-441d-bad6-ab8a87fe9f72,744e17a8-8dfd-4258-9767-a542bcfded28,adb1d076-3a1f-4967-8457-cd2a87dd9a47,0,,"{""TypeText"":"""",""Description"":""Link"",""linkOrder"":""1""}",,,,
2023,eec30f37-dac8-469c-b69a-4f6ea80ba8a6,ef7ae567-b245-4cc2-8fb5-bc8fc45ed592,fb9e1435-ea2b-4d41-abf8-9a3cd25561d5,0754c584-a07d-4283-8ddb-627c081e872d,0,,"{""TypeText"":"""",""Description"":""Link"",""linkOrder"":""1""}",,,,
2024,eec30f37-dac8-469c-b69a-4f6ea80ba8a6,f6be2577-319e-4b36-abca-e0aa9e1ff671,f41ced2f-e4ff-45a5-9ee4-63b6191705c8,fb9e1435-ea2b-4d41-abf8-9a3cd25561d5,0,,"{""TypeText"":"""",""Description"":""Link"",""linkOrder"":""1""}",,,,
2025,eec30f37-dac8-469c-b69a-4f6ea80ba8a6,2eec0531-c56b-4083-a17c-fc32a6aebcfe,15657a0a-c465-43f4-9040-789a790598fe,e2cee819-2ab5-476d-bdf9-d0f20539a627,0,,"{""TypeText"":"""",""linkOrder"":""1"",""Description"":""Link""}",,,,
2026,55b693b6-c722-43c9-a811-ef0abcb12cc1,509d231a-2018-4c19-990c-048a260d1d13,d48dfc2c-a9f3-426c-9191-ab4c551934b0,939ed6c0-1c57-4391-b79a-c305930bdf6b,0,,"{""TypeText"":"""",""Description"":""Link"",""linkOrder"":""1""}",,,,
2027,55b693b6-c722-43c9-a811-ef0abcb12cc1,cb759db7-09c7-422c-a2dc-19368b770e4d,939ed6c0-1c57-4391-b79a-c305930bdf6b,9959e63b-acaa-4df7-a74f-fe45bb084c87,0,,"{""TypeText"":"""",""linkOrder"":""1"",""Description"":""Link""}",,,,
2028,55b693b6-c722-43c9-a811-ef0abcb12cc1,fed215bc-d5dc-41c1-9e7f-4f42b4798303,939ed6c0-1c57-4391-b79a-c305930bdf6b,056d1fbe-6d37-45be-9a61-5eb41c1c2976,0,,"{""TypeText"":"""",""Description"":""Link"",""linkOrder"":""3""}",,,,
2029,55b693b6-c722-43c9-a811-ef0abcb12cc1,0116e315-a2ce-4369-a88a-56f2e683c0d7,9959e63b-acaa-4df7-a74f-fe45bb084c87,3636c6cc-dadf-409e-9e71-3701883e4188,0,,"{""TypeText"":"""",""Description"":""Link"",""linkOrder"":""1""}",,,,
2030,55b693b6-c722-43c9-a811-ef0abcb12cc1,b7e90bb5-6bbd-43aa-a9c1-627444ea1006,dfb9d3d2-57cf-4f6d-94dd-c4b5020e1f7f,f1c09412-a4a5-4365-9259-b316381aca5d,0,,"{""TypeText"":"""",""linkOrder"":""1"",""Description"":""Link""}",,,,
2031,55b693b6-c722-43c9-a811-ef0abcb12cc1,3ca75be4-ebc2-4a7e-993c-819a03943e5e,056d1fbe-6d37-45be-9a61-5eb41c1c2976,90f7c469-7ccc-4186-a625-be3b28b988cb,0,,"{""TypeText"":"""",""Description"":""Link"",""linkOrder"":""1""}",,,,
2032,55b693b6-c722-43c9-a811-ef0abcb12cc1,e44e2d00-2f1c-46ef-baff-8df3e6229e3c,3636c6cc-dadf-409e-9e71-3701883e4188,dfb9d3d2-57cf-4f6d-94dd-c4b5020e1f7f,0,,"{""TypeText"":"""",""Description"":""Link"",""linkOrder"":""2""}",,,,
2033,55b693b6-c722-43c9-a811-ef0abcb12cc1,64806aa8-00a1-4f1e-8d6c-b3daa24fb45f,2e0872e5-c994-49f3-af13-b0b2ccfc0944,025525a4-c15c-48e0-bbd0-42f4afc66a19,0,,"{""TypeText"":"""",""Description"":""Link"",""linkOrder"":""1""}",,,,
2034,55b693b6-c722-43c9-a811-ef0abcb12cc1,3bb871e9-d032-49fb-a2a0-c11751ab6377,939ed6c0-1c57-4391-b79a-c305930bdf6b,2e0872e5-c994-49f3-af13-b0b2ccfc0944,0,,"{""TypeText"":"""",""linkOrder"":""2"",""Description"":""Link""}",,,,
2035,d98d6934-d11f-4ae2-94bb-863ed34cce90,9bcacc7f-dd40-476b-baa7-21697ccc63f3,95d2dd48-a2a7-42cc-9ebb-6fd27ba618f3,1bf4c7da-0cb9-41d1-ae79-8784bd4fb169,2,,"{""linkOrder"":""1"",""Description"":""Link""}",,,,
2036,d98d6934-d11f-4ae2-94bb-863ed34cce90,f9a64110-2b57-4a37-b3ea-22d439349c34,1bf4c7da-0cb9-41d1-ae79-8784bd4fb169,e3c289ad-e9cd-42aa-9a8d-b2e42167fca8,2,,"{""linkOrder"":""1"",""Description"":""Link""}",,,,
2037,d98d6934-d11f-4ae2-94bb-863ed34cce90,a679f75c-768c-4ef6-8efb-a2ae1acaea7d,3fb364a1-59ac-4456-a2b0-7b6484538fba,845a1adf-1acf-46ab-a243-a305ab459d21,2,,"{""linkOrder"":""2"",""Description"":""Link""}",,,,
2038,d98d6934-d11f-4ae2-94bb-863ed34cce90,0a66ae70-6299-4f3e-864d-ae4f3096f1a4,845a1adf-1acf-46ab-a243-a305ab459d21,7b17883f-f90a-40d3-bb29-03ea5543dd26,2,,"{""linkOrder"":""1"",""Description"":""Link""}",,,,
2039,d98d6934-d11f-4ae2-94bb-863ed34cce90,2a13ad58-61f9-47b5-8c7b-e52cfad33412,e3c289ad-e9cd-42aa-9a8d-b2e42167fca8,3fb364a1-59ac-4456-a2b0-7b6484538fba,2,,"{""Description"":""Link"",""linkOrder"":""1""}",,,,
2052,7bbbb348-c64c-4032-bb6c-ad05faeb0f53,08ab3b1e-4a7c-4283-8fb0-1a7ae88eb369,9880ef45-8158-4085-903f-fea039bbd807,a8bcda83-ace2-41f0-8540-2c790c358371,0,,"{""TypeText"":"""",""linkOrder"":""2"",""Description"":""Link""}",,,,
2053,7bbbb348-c64c-4032-bb6c-ad05faeb0f53,e0307427-ed0d-42f2-92f2-3774c5375d2f,a816ec74-33f0-41f1-8c52-9c1788dcb3c6,10608beb-c695-41aa-8ecc-2ec421dd9cc4,0,,"{""TypeText"":"""",""linkOrder"":""1"",""Description"":""Link""}",,,,
2054,7bbbb348-c64c-4032-bb6c-ad05faeb0f53,f0ce8dc6-2111-4304-9a51-5b647c1294b4,6b14cebb-15e5-4828-ac69-333bf7f791a6,9880ef45-8158-4085-903f-fea039bbd807,0,,"{""TypeText"":"""",""linkOrder"":""1"",""Description"":""Link""}",,,,
2055,7bbbb348-c64c-4032-bb6c-ad05faeb0f53,4f6ee606-caf8-4a23-a1cb-5fe3dc845ef9,a8bcda83-ace2-41f0-8540-2c790c358371,7301527e-1452-4a7e-9e52-5f8e6ee4def6,0,,"{""TypeText"":"""",""Description"":""Link"",""linkOrder"":""1""}",,,,
2056,7bbbb348-c64c-4032-bb6c-ad05faeb0f53,4795a7db-d1ad-4a60-be91-8772dfec39d6,10608beb-c695-41aa-8ecc-2ec421dd9cc4,6b14cebb-15e5-4828-ac69-333bf7f791a6,0,,"{""TypeText"":"""",""linkOrder"":""1"",""Description"":""Link""}",,,,
2062,6a0562c1-5233-4a44-b032-4b5a9956a774,f91a841e-19e0-4da4-a02b-5035b1367a0e,436df4da-70d0-4dc7-912c-c20a870c02a5,4966d482-b0e6-4988-b341-d5df4723c655,0,,"{""TypeText"":"""",""linkOrder"":""1"",""Description"":""Link""}",,,,
2063,6a0562c1-5233-4a44-b032-4b5a9956a774,342d5282-ed2e-42ce-82ca-57006ed05f21,2ca27a1c-914d-462c-86b3-8fb648d0317a,436df4da-70d0-4dc7-912c-c20a870c02a5,0,,"{""TypeText"":"""",""linkOrder"":""2"",""Description"":""Link""}",,,,
2064,6a0562c1-5233-4a44-b032-4b5a9956a774,c34cd6c3-79ff-4f6c-860a-572b7519b11f,5fed5083-89d1-42ba-a765-3dffc33c05e2,2ca27a1c-914d-462c-86b3-8fb648d0317a,0,,"{""TypeText"":"""",""linkOrder"":""1"",""Description"":""Link""}",,,,
2065,6a0562c1-5233-4a44-b032-4b5a9956a774,2adb8928-65a5-4848-956f-92b6f0bc3bef,3f906a33-9f7c-4b9d-8624-b30bf13d49f5,ada1ac5c-4522-4b1e-9487-f583e226d083,0,,"{""TypeText"":"""",""linkOrder"":""2"",""Description"":""Link""}",,,,
2066,6a0562c1-5233-4a44-b032-4b5a9956a774,2bee41fc-04c4-4a78-baeb-98f240569a45,ada1ac5c-4522-4b1e-9487-f583e226d083,01d61e9f-a51f-4fc1-b1e8-a1dc5580c002,0,,"{""TypeText"":"""",""linkOrder"":""1"",""Description"":""Link""}",,,,
2067,6a0562c1-5233-4a44-b032-4b5a9956a774,e9f97c3a-39a2-4d5e-8c14-9d04035f665a,2ca27a1c-914d-462c-86b3-8fb648d0317a,c3000ca1-ac79-4953-a6d0-dd0e3097c363,0,,"{""TypeText"":"""",""linkOrder"":""3"",""Description"":""Link""}",,,,
2068,6a0562c1-5233-4a44-b032-4b5a9956a774,c60d619b-26b7-48f4-b009-9f3a2e37e435,c58c075b-b54f-4871-a690-9cee49c92cfc,3f906a33-9f7c-4b9d-8624-b30bf13d49f5,0,,"{""TypeText"":"""",""Description"":""Link"",""linkOrder"":""1""}",,,,
2069,6a0562c1-5233-4a44-b032-4b5a9956a774,4359b1da-0cad-42c6-b5be-cc2238c4af1c,c3000ca1-ac79-4953-a6d0-dd0e3097c363,0fa9fe8f-48c7-41cf-a823-73531bdd2a05,0,,"{""TypeText"":"""",""linkOrder"":""1"",""Description"":""Link""}",,,,
2070,6a0562c1-5233-4a44-b032-4b5a9956a774,6683b2d7-6dd6-4fde-a037-e17bbdba0b51,2ca27a1c-914d-462c-86b3-8fb648d0317a,c58c075b-b54f-4871-a690-9cee49c92cfc,0,,"{""TypeText"":"""",""Description"":""Link"",""linkOrder"":""1""}",,,,
2083,132276e0-7f8f-4521-878f-7916bec5fe34,3e18d042-ab11-482f-a44c-6602953d5911,ec0356dc-9816-43ef-a948-b9eb0ee559f0,df597590-c947-4df9-bb74-4a14a3d05dd9,0,,"{""TypeText"":"""",""Description"":""Link"",""linkOrder"":""2""}",,,,
2084,132276e0-7f8f-4521-878f-7916bec5fe34,11943a11-7536-4feb-b331-84d58ab16966,54611c4b-de50-4d5e-93ba-3861fcdb5228,ec0356dc-9816-43ef-a948-b9eb0ee559f0,0,,"{""TypeText"":"""",""linkOrder"":""1"",""Description"":""Link""}",,,,
2085,132276e0-7f8f-4521-878f-7916bec5fe34,848069da-cae2-47ad-bdbd-923dc62d9743,8df4d03e-dedf-4d28-9f8d-f54144dc17e0,91afcc5e-d7ef-4a7c-b405-8106d59e14e2,0,,"{""TypeText"":"""",""linkOrder"":""1"",""Description"":""Link""}",,,,
2086,132276e0-7f8f-4521-878f-7916bec5fe34,d6abba64-7c92-4bc8-9ca3-d809c4a47588,df597590-c947-4df9-bb74-4a14a3d05dd9,125fb389-7416-4df2-b760-a424132feab9,0,,"{""TypeText"":"""",""Description"":""Link"",""linkOrder"":""1""}",,,,
2087,132276e0-7f8f-4521-878f-7916bec5fe34,3128d76b-d52c-4a2a-ad98-e36b111acf7f,ec0356dc-9816-43ef-a948-b9eb0ee559f0,8df4d03e-dedf-4d28-9f8d-f54144dc17e0,0,,"{""TypeText"":"""",""linkOrder"":""1"",""Description"":""Link""}",,,,
2088,bbfe27cd-bd7c-42be-94fb-ce808992cd91,7ce413fa-523e-4f55-b5b2-197c55b51707,b90d95d1-89e7-4920-98e9-49f835138950,0e1a0ece-4818-4a64-8df9-6eb05196c1c1,2,,"{""Description"":""Link"",""linkOrder"":""1""}",,,,
2089,bbfe27cd-bd7c-42be-94fb-ce808992cd91,58403123-ff44-4fe7-9167-1a0ec68053fa,2ed0660f-dea1-499b-881d-6bdb9d7460b8,d24d6894-1c3c-4938-950d-fc437da6bddf,2,,"{""linkOrder"":""1"",""Description"":""Link""}",,,,
2090,bbfe27cd-bd7c-42be-94fb-ce808992cd91,1caa9b53-0186-435f-b18d-4f085872bf1b,31c846ed-5197-4ccf-8b74-5c27c820b6b7,6ec2552c-23b5-4254-a9a6-045a7268712e,2,,"{""linkOrder"":""1"",""Description"":""Link""}",,,,
2091,bbfe27cd-bd7c-42be-94fb-ce808992cd91,7e32ee1e-0f6d-4d11-a720-545b53d3b038,6ec2552c-23b5-4254-a9a6-045a7268712e,e669ace6-805b-4213-b95d-61d13b242c9b,2,,"{""linkOrder"":""1"",""Description"":""Link""}",,,,
2092,bbfe27cd-bd7c-42be-94fb-ce808992cd91,1fc91add-0127-4dab-b31e-73e70d681ad7,b90d95d1-89e7-4920-98e9-49f835138950,31c846ed-5197-4ccf-8b74-5c27c820b6b7,2,,"{""Description"":""Link"",""linkOrder"":""1""}",,,,
2093,bbfe27cd-bd7c-42be-94fb-ce808992cd91,defa1c41-782f-4357-9303-a7872c75aa93,e669ace6-805b-4213-b95d-61d13b242c9b,ba0796fa-63d8-45ea-8341-492f004e8b3d,2,,"{""linkOrder"":""2"",""Description"":""Link""}",,,,
2094,bbfe27cd-bd7c-42be-94fb-ce808992cd91,f736df69-bb20-4f6f-be7c-ceb78c2f7c99,3e71d995-8d40-430d-b768-a33bcf5432a6,39ea4c37-4ec7-40ef-8d0a-0004720399dc,2,,"{""Description"":""Link"",""linkOrder"":""1""}",,,,
2095,bbfe27cd-bd7c-42be-94fb-ce808992cd91,e1c98b29-100e-4f07-b316-dbde2aa8ae33,ba0796fa-63d8-45ea-8341-492f004e8b3d,df903d43-a785-412e-bae1-9939d607dda7,2,,"{""linkOrder"":""1"",""Description"":""Link""}",,,,
2096,bbfe27cd-bd7c-42be-94fb-ce808992cd91,e81c4f56-c6e1-4455-b662-e30f853d3694,0e1a0ece-4818-4a64-8df9-6eb05196c1c1,2ed0660f-dea1-499b-881d-6bdb9d7460b8,2,,"{""linkOrder"":""1"",""Description"":""Link""}",,,,
2097,bbfe27cd-bd7c-42be-94fb-ce808992cd91,cbde29ab-d06c-42ba-957d-ed4d01abbf4e,95acc3cf-a15d-4884-9e8d-615c49839a1f,3e71d995-8d40-430d-b768-a33bcf5432a6,2,,"{""Description"":""Link"",""linkOrder"":""1""}",,,,
2098,bbfe27cd-bd7c-42be-94fb-ce808992cd91,cb8a666b-ee0e-4036-98b5-eeb892140d43,b90d95d1-89e7-4920-98e9-49f835138950,95acc3cf-a15d-4884-9e8d-615c49839a1f,2,,"{""Description"":""Link"",""linkOrder"":""1""}",,,,
2099,55d002f2-b2d8-4635-b4eb-5314e1661217,3e71fa2b-0e27-44ec-92e1-0c4d89dcc2df,6678d372-f55f-45db-9350-ff54c465d0a8,a4e7d368-d630-414d-864d-a52c5de37274,2,,"{""Description"":""Link"",""linkOrder"":""1""}",,,,
2100,55d002f2-b2d8-4635-b4eb-5314e1661217,cbaa8e9a-175a-47fe-a043-131c4f09b115,fed8de38-3fae-456f-9cc5-93e10ddc7c89,dc97b124-2712-4721-b19d-f69a8c834901,2,,"{""Description"":""Link"",""linkOrder"":""2""}",,,,
2101,55d002f2-b2d8-4635-b4eb-5314e1661217,f0aeb43d-e6ba-49f3-91c9-364b3f4dd4ae,dc97b124-2712-4721-b19d-f69a8c834901,930d757a-1860-4750-bba0-c0288966c75d,2,,"{""linkOrder"":""1"",""Description"":""Link""}",,,,
2102,55d002f2-b2d8-4635-b4eb-5314e1661217,7054d649-ef2a-4ad6-ae40-3d0f14520d4c,a4e7d368-d630-414d-864d-a52c5de37274,1586073e-5dbc-4ab9-b36e-09c4f1c6a39b,2,,"{""linkOrder"":""1"",""Description"":""Link""}",,,,
2103,55d002f2-b2d8-4635-b4eb-5314e1661217,8221ab1a-1a5d-43ca-b4f3-43c858ed4509,8455d7a5-c532-4693-9a62-10aa8d3df53b,fed8de38-3fae-456f-9cc5-93e10ddc7c89,2,,"{""linkOrder"":""1"",""Description"":""Link""}",,,,
2104,55d002f2-b2d8-4635-b4eb-5314e1661217,c40e0a95-fe23-46e9-a048-52d99c4eb867,d4730db3-93e1-4067-bf8e-cdd2f1b9bd66,eb7109c3-4551-4ae7-99ab-750d3f857da4,2,,"{""Description"":""Link"",""linkOrder"":""1""}",,,,
2105,55d002f2-b2d8-4635-b4eb-5314e1661217,b54587a8-4ae1-4280-96e5-5b0efb7d27bd,9af14727-20bd-49b9-90ed-c87d68f57236,6678d372-f55f-45db-9350-ff54c465d0a8,2,,"{""Description"":""Link"",""linkOrder"":""1""}",,,,
2106,55d002f2-b2d8-4635-b4eb-5314e1661217,f6592b46-4117-45bb-8b6a-82ec669b1c91,9af14727-20bd-49b9-90ed-c87d68f57236,f4a8031d-e635-40b4-9ca7-6b9d86787c1e,2,,"{""Description"":""Link"",""linkOrder"":""1""}",,,,
2107,55d002f2-b2d8-4635-b4eb-5314e1661217,6d35dd97-5d2e-40a0-be4d-8d3223918c38,9af14727-20bd-49b9-90ed-c87d68f57236,51158ee7-25ea-445b-b197-5888fd8e18f8,2,,"{""linkOrder"":""1"",""Description"":""Link""}",,,,
2108,55d002f2-b2d8-4635-b4eb-5314e1661217,49b33e69-47a7-423f-80f7-e866d158f37d,51158ee7-25ea-445b-b197-5888fd8e18f8,8455d7a5-c532-4693-9a62-10aa8d3df53b,2,,"{""Description"":""Link"",""linkOrder"":""1""}",,,,
2109,55d002f2-b2d8-4635-b4eb-5314e1661217,d2aac65b-3b09-422b-9332-ff1507326ed4,f4a8031d-e635-40b4-9ca7-6b9d86787c1e,d4730db3-93e1-4067-bf8e-cdd2f1b9bd66,2,,"{""Description"":""Link"",""linkOrder"":""1""}",,,,
2133,69b9f83a-d9af-498f-8efc-e75aa1c405dd,4dbc1824-fe8d-4de2-b6e6-348b8a1dbbcd,5f9b9919-1150-41eb-8561-c1ae6c4f830d,4f1c54ef-47ee-443b-bee7-df752147f2b9,0,,"{""TypeText"":"""",""Description"":""Link"",""linkOrder"":""1""}",,,,
2134,69b9f83a-d9af-498f-8efc-e75aa1c405dd,c7c53dfa-e81f-41cd-82fc-6e9d1f0b6eda,4f1c54ef-47ee-443b-bee7-df752147f2b9,92c5e395-7d20-4f13-b671-8e59e25dc2ed,0,,"{""TypeText"":"""",""linkOrder"":""1"",""Description"":""Link""}",,,,
2135,69b9f83a-d9af-498f-8efc-e75aa1c405dd,d18122aa-2d46-4078-b363-7f728ee4f9a2,92c5e395-7d20-4f13-b671-8e59e25dc2ed,e1e2376f-189c-4a28-b729-65f83c5680b8,0,,"{""TypeText"":"""",""linkOrder"":""1"",""Description"":""Link""}",,,,
2136,69b9f83a-d9af-498f-8efc-e75aa1c405dd,b24cf66c-7dfa-4647-9aa2-cea616e944e5,85671836-8429-455f-b6ab-05c7bd146af8,df7315fb-ba2f-4dbc-8484-97b6bf2598be,0,,"{""TypeText"":"""",""linkOrder"":""1"",""Description"":""Link""}",,,,
2137,69b9f83a-d9af-498f-8efc-e75aa1c405dd,ec36beac-5a8e-4a07-9490-e1c6021796f7,e1e2376f-189c-4a28-b729-65f83c5680b8,85671836-8429-455f-b6ab-05c7bd146af8,0,,"{""TypeText"":"""",""linkOrder"":""2"",""Description"":""Link""}",,,,
2138,6f4829c9-b6b6-46ad-bff8-a85501fa06dc,7f3c877c-0613-41ad-bd89-223d684fa240,70ac7596-56ed-4e23-a057-69c6ed6a0050,a8cd3c5e-c82a-48b6-abc4-802c79167606,0,,"{""TypeText"":"""",""linkOrder"":""1"",""Description"":""Link""}",,,,
2139,6f4829c9-b6b6-46ad-bff8-a85501fa06dc,525a8841-61a2-4236-be72-605c02c0dd6e,a8cd3c5e-c82a-48b6-abc4-802c79167606,32f96751-8936-4dba-873e-141d863d3905,0,,"{""TypeText"":"""",""Description"":""Link"",""linkOrder"":""2""}",,,,
2140,6f4829c9-b6b6-46ad-bff8-a85501fa06dc,139109e0-c826-47a1-9acb-7da6d95da829,ee9093bf-8305-4c80-b94c-77db98abe381,8f8c1023-419e-46d1-b22f-017074cf0a7c,0,,"{""TypeText"":"""",""Description"":""Link"",""linkOrder"":""1""}",,,,
2141,6f4829c9-b6b6-46ad-bff8-a85501fa06dc,bad07e52-70fa-4e26-9461-82bf7fc370b5,32f96751-8936-4dba-873e-141d863d3905,0d5b2c04-134c-473f-97fd-60605a604da2,0,,"{""TypeText"":"""",""Description"":""Link"",""linkOrder"":""1""}",,,,
2142,6f4829c9-b6b6-46ad-bff8-a85501fa06dc,98c1ae0d-6e70-4853-aea9-ac98846aa89d,8f8c1023-419e-46d1-b22f-017074cf0a7c,70ac7596-56ed-4e23-a057-69c6ed6a0050,0,,"{""TypeText"":"""",""Description"":""Link"",""linkOrder"":""1""}",,,,
2150,a3fc74f0-1682-4a66-90b9-b0816cdad2b7,c886329f-bc40-44e0-be98-3104927cdec2,b7ed8b17-9290-46e9-8f15-3b4767fb4685,7bb62adb-4184-4315-b0b5-08bc9b13dae5,0,,"{""TypeText"":"""",""linkOrder"":""1"",""Description"":""Link""}",,,,
2151,a3fc74f0-1682-4a66-90b9-b0816cdad2b7,b2007356-a89d-41b6-abfb-3e4a43c948d8,4e9fd638-5bcf-46fc-8551-be2fc6f796ae,b7ed8b17-9290-46e9-8f15-3b4767fb4685,0,,"{""TypeText"":"""",""Description"":""Link"",""linkOrder"":""1""}",,,,
2152,a3fc74f0-1682-4a66-90b9-b0816cdad2b7,fda5ab39-1f3f-4760-91ae-4d2164ea590b,7bb62adb-4184-4315-b0b5-08bc9b13dae5,2372ff42-6a8d-4510-9720-2fd4dcfb70d7,0,,"{""TypeText"":"""",""linkOrder"":""2"",""Description"":""Link""}",,,,
2153,a3fc74f0-1682-4a66-90b9-b0816cdad2b7,2bf441bd-1073-4d6e-8998-826e5fd9a477,79f8fff1-4611-4e59-94d7-ca3c203525ed,4e9fd638-5bcf-46fc-8551-be2fc6f796ae,0,,"{""TypeText"":"""",""Description"":""Link"",""linkOrder"":""1""}",,,,
2154,a3fc74f0-1682-4a66-90b9-b0816cdad2b7,2ce432d5-e860-418b-a92a-e6f8171b5b16,2372ff42-6a8d-4510-9720-2fd4dcfb70d7,c35889c2-e06b-4a25-9308-8093632fdc43,0,,"{""TypeText"":"""",""linkOrder"":""1"",""Description"":""Link""}",,,,
2237,e4f2f81b-4aad-415b-abef-35375f1757cd,3c9a2a5b-875e-4078-8574-02720ba94bef,a05848e0-2c89-48c1-a5e7-164c3d4135b0,0536169d-b237-4b2f-803f-a9b1276b8338,0,,"{""TypeText"":"""",""linkOrder"":""1"",""Description"":""Link""}",,,,
2238,e4f2f81b-4aad-415b-abef-35375f1757cd,b041994c-5bc2-42f3-94c0-44d5359f64a2,61d278db-042e-4ac1-b3ae-571e2b56c11e,a540d7e7-c110-4416-80ce-f08eacb5c64a,0,,"{""TypeText"":"""",""Description"":""Link"",""linkOrder"":""1""}",,,,
2239,e4f2f81b-4aad-415b-abef-35375f1757cd,6b802e89-132a-46ca-890f-9814a7f67899,405f9f99-a3b9-42fc-8456-b71754516dea,a05848e0-2c89-48c1-a5e7-164c3d4135b0,0,,"{""TypeText"":"""",""Description"":""Link"",""linkOrder"":""2""}",,,,
2240,e4f2f81b-4aad-415b-abef-35375f1757cd,6c10a05d-0f57-4df4-b1a9-b79201bc04eb,05281524-0386-4f1f-a995-1ffa82a045a2,61d278db-042e-4ac1-b3ae-571e2b56c11e,0,,"{""TypeText"":"""",""linkOrder"":""1"",""Description"":""Link""}",,,,
2241,e4f2f81b-4aad-415b-abef-35375f1757cd,37869a08-c2d5-47a1-9c8f-d883d0e38ffb,a540d7e7-c110-4416-80ce-f08eacb5c64a,405f9f99-a3b9-42fc-8456-b71754516dea,0,,"{""TypeText"":"""",""linkOrder"":""1"",""Description"":""Link""}",,,,
2242,6f76f102-f1d1-4ec5-85cc-7d58211ca626,40c2df23-e3a5-4a5d-b0c6-3b67fdba3d17,44f4f57e-2d9b-4f7d-9e3f-7be9ef9f42cd,e0afafef-89ca-4c05-a1a0-e763acdc118b,0,,"{""TypeText"":"""",""linkOrder"":""2"",""Description"":""Link""}",,,,
2243,6f76f102-f1d1-4ec5-85cc-7d58211ca626,aa451cf0-65c4-4006-85b9-48e7d818e7c8,d6661472-f32e-4e9a-bcc4-4bb1cc177a42,9e2d16c5-e58d-4cbb-b21a-dc13aa3d0107,0,,"{""TypeText"":"""",""linkOrder"":""2"",""Description"":""Link""}",,,,
2244,6f76f102-f1d1-4ec5-85cc-7d58211ca626,2f0cf12e-b387-44ea-8209-538f8cd812dc,44f4f57e-2d9b-4f7d-9e3f-7be9ef9f42cd,a9e6f2af-63cd-439a-ae7b-a4e52577115a,0,,"{""TypeText"":"""",""linkOrder"":""1"",""Description"":""Link""}",,,,
2245,6f76f102-f1d1-4ec5-85cc-7d58211ca626,7fd2e5ec-0b0b-4b47-9d5c-7e4a8d4541e2,9e2d16c5-e58d-4cbb-b21a-dc13aa3d0107,36b7fc27-4177-4883-bb0d-58b2017c1d47,0,,"{""TypeText"":"""",""linkOrder"":""1"",""Description"":""Link""}",,,,
2246,6f76f102-f1d1-4ec5-85cc-7d58211ca626,39d7fa72-6be3-4f34-8086-8f4d9bb0412e,19fea320-ae50-4cc7-a170-0ed809eab69f,44f4f57e-2d9b-4f7d-9e3f-7be9ef9f42cd,0,,"{""TypeText"":"""",""linkOrder"":""1"",""Description"":""Link""}",,,,
2247,6f76f102-f1d1-4ec5-85cc-7d58211ca626,bf07ba85-3b6f-49ba-912e-a54b5d65f696,a9e6f2af-63cd-439a-ae7b-a4e52577115a,d6661472-f32e-4e9a-bcc4-4bb1cc177a42,0,,"{""TypeText"":"""",""linkOrder"":""1"",""Description"":""Link""}",,,,
2248,6f76f102-f1d1-4ec5-85cc-7d58211ca626,c85e164d-d598-438b-af67-e63d68fb6a78,e0afafef-89ca-4c05-a1a0-e763acdc118b,4ab54df8-763c-4d44-9242-f355a4b6a02e,0,,"{""TypeText"":"""",""Description"":""Link"",""linkOrder"":""1""}",,,,
2249,d8897a30-0bf0-4f04-84ec-e3f5762ddbb9,e5b23a65-b156-4f0e-9564-0080714ae38d,90cbe55c-01cb-499d-828a-165044d13e41,5f16128b-2c5b-4bbe-8a18-7d586ddc8b3a,0,,"{""TypeText"":"""",""Description"":""Link"",""linkOrder"":""1""}",,,,
2250,d8897a30-0bf0-4f04-84ec-e3f5762ddbb9,f676d01e-0fe3-4f04-a85b-320226f8e1f3,97a8a798-f97f-41ea-88bb-33edb3fc5d7e,b6db8a52-0e4f-4fe4-b1f1-093555977210,0,,"{""TypeText"":"""",""Description"":""Link"",""linkOrder"":""2""}",,,,
2251,d8897a30-0bf0-4f04-84ec-e3f5762ddbb9,aafd77b3-8801-43e2-bdc2-586cc774a75d,4e4ec553-952c-425a-bbb2-d0efa1432056,97a8a798-f97f-41ea-88bb-33edb3fc5d7e,0,,"{""TypeText"":"""",""Description"":""Link"",""linkOrder"":""1""}",,,,
2252,d8897a30-0bf0-4f04-84ec-e3f5762ddbb9,70e1a6b7-bbf1-4f9a-bcc9-95a1fa845aec,b6db8a52-0e4f-4fe4-b1f1-093555977210,e45d205c-0655-4a54-bb38-99f6b0885203,0,,"{""TypeText"":"""",""Description"":""Link"",""linkOrder"":""1""}",,,,
2253,d8897a30-0bf0-4f04-84ec-e3f5762ddbb9,cef321af-155c-4a0a-aebe-ae55e6ad1542,97a8a798-f97f-41ea-88bb-33edb3fc5d7e,90cbe55c-01cb-499d-828a-165044d13e41,0,,"{""TypeText"":"""",""linkOrder"":""2"",""Description"":""Link""}",,,,
2254,d8897a30-0bf0-4f04-84ec-e3f5762ddbb9,cf4fb3ad-827e-4de8-a475-b7716c03e9a3,97a8a798-f97f-41ea-88bb-33edb3fc5d7e,852b3ca1-998e-4e1d-a6a6-2b06535d9f3e,0,,"{""TypeText"":"""",""Description"":""Link"",""linkOrder"":""1""}",,,,
2255,d8897a30-0bf0-4f04-84ec-e3f5762ddbb9,aad19ffd-ec58-460e-b77c-cbef92655266,852b3ca1-998e-4e1d-a6a6-2b06535d9f3e,4dd948e6-f55b-4726-ab4f-c1c83816f6b7,0,,"{""TypeText"":"""",""Description"":""Link"",""linkOrder"":""1""}",,,,
2263,415fe86b-cf19-4910-a8cc-31879dc0c5ff,6c6d782e-fc30-4385-8d3d-6f8b5c83d2d4,0f61dd28-993b-49d4-b7e8-f20fb1130560,08970e30-c4bd-4bdb-91a2-62d495ca026d,0,,"{""TypeText"":"""",""Description"":""Link"",""linkOrder"":""2""}",,,,
2264,415fe86b-cf19-4910-a8cc-31879dc0c5ff,efc8a35b-4cfd-45f0-8a7e-7fee0813baa0,08970e30-c4bd-4bdb-91a2-62d495ca026d,a5c9c32f-a0c5-407f-b9b0-ab189cc3aea6,0,,"{""TypeText"":"""",""Description"":""Link"",""linkOrder"":""1""}",,,,
2265,415fe86b-cf19-4910-a8cc-31879dc0c5ff,0b979944-471c-4281-8881-a6e14ebfbe46,98ab7d6d-a73a-43aa-934b-093488966c21,0f61dd28-993b-49d4-b7e8-f20fb1130560,0,,"{""TypeText"":"""",""Description"":""Link"",""linkOrder"":""1""}",,,,
2266,415fe86b-cf19-4910-a8cc-31879dc0c5ff,2dd7e3d2-e4cf-4df5-b1df-ae9c77dcd34f,4bd8a7e3-2bfd-4f79-9e80-2af4cacf1f59,98ab7d6d-a73a-43aa-934b-093488966c21,0,,"{""TypeText"":"""",""Description"":""Link"",""linkOrder"":""1""}",,,,
2267,415fe86b-cf19-4910-a8cc-31879dc0c5ff,923a2bb0-d2aa-40c8-a650-d9fa1822e1e7,52440a59-556a-4475-93cf-1cf03d31104d,4bd8a7e3-2bfd-4f79-9e80-2af4cacf1f59,0,,"{""TypeText"":"""",""linkOrder"":""1"",""Description"":""Link""}",,,,
2268,4da3a75c-1d59-4e3b-9337-3ae6b08b8055,2fe16415-43a7-4ea4-8a75-01266955c771,42825e14-4491-4510-ade9-bb00edac57c9,9cf1924d-afc8-4ca1-9c1a-bf437f72bb0e,0,,"{""TypeText"":"""",""linkOrder"":""1"",""Description"":""Link""}",,,,
2269,4da3a75c-1d59-4e3b-9337-3ae6b08b8055,8a849553-a590-474e-b248-18bdc640b6fe,e92258ff-7c47-43a6-bb63-d66ecfc1d315,42825e14-4491-4510-ade9-bb00edac57c9,0,,"{""TypeText"":"""",""Description"":""Link"",""linkOrder"":""2""}",,,,
2270,4da3a75c-1d59-4e3b-9337-3ae6b08b8055,aa9570b4-f83a-4a6a-b4d4-19e406446883,267922c1-508e-40fb-a5f2-7e62e039a314,ec2e78c3-7607-42ba-8a7f-870ebcceba91,0,,"{""TypeText"":"""",""linkOrder"":""1"",""Description"":""Link""}",,,,
2271,4da3a75c-1d59-4e3b-9337-3ae6b08b8055,b1574a0f-2859-41f2-be36-2f4b603c3862,3f11da03-a481-40f5-af3c-31c8e0e50f2d,267922c1-508e-40fb-a5f2-7e62e039a314,0,,"{""TypeText"":"""",""Description"":""Link"",""linkOrder"":""2""}",,,,
2272,4da3a75c-1d59-4e3b-9337-3ae6b08b8055,a8a60e52-efaa-407f-bdfc-453dcc381432,3f11da03-a481-40f5-af3c-31c8e0e50f2d,74c5497a-d2d6-4072-ad6f-37c4aa478de9,0,,"{""TypeText"":"""",""linkOrder"":""1"",""Description"":""Link""}",,,,
2273,4da3a75c-1d59-4e3b-9337-3ae6b08b8055,e64a5bad-5c6b-4f02-b480-6d979d2d81ae,b55a5a6f-ed1a-4c2f-94ef-eae761aff4c0,3f11da03-a481-40f5-af3c-31c8e0e50f2d,0,,"{""TypeText"":"""",""linkOrder"":""1"",""Description"":""Link""}",,,,
2274,4da3a75c-1d59-4e3b-9337-3ae6b08b8055,890b802e-6d5c-4b58-af2c-e4206574cba5,74c5497a-d2d6-4072-ad6f-37c4aa478de9,e92258ff-7c47-43a6-bb63-d66ecfc1d315,0,,"{""TypeText"":"""",""linkOrder"":""1"",""Description"":""Link""}",,,,
2275,f63ff2f9-58f3-494e-a071-110c416199d3,2443faa0-4c72-44fe-98f0-0154302a6856,4f32a139-3fbc-4c80-91ab-99c4b7c45994,29d6df23-ab43-402d-91bc-601dcf9fe788,0,,"{""TypeText"":"""",""linkOrder"":""1"",""Description"":""Link""}",,,,
2276,f63ff2f9-58f3-494e-a071-110c416199d3,ac8bc39b-f368-47f8-a535-5e61816d9a60,06e08006-b2cb-4351-8f6b-a41dcf5dc602,a634de26-8834-4387-9bfb-26890452a6c3,0,,"{""TypeText"":"""",""Description"":""Link"",""linkOrder"":""1""}",,,,
2277,f63ff2f9-58f3-494e-a071-110c416199d3,d09bfa1f-8f05-41f9-97ae-65021f194e89,12184969-d634-49b8-8add-c8eec91ce04a,4f32a139-3fbc-4c80-91ab-99c4b7c45994,0,,"{""TypeText"":"""",""linkOrder"":""1"",""Description"":""Link""}",,,,
2278,f63ff2f9-58f3-494e-a071-110c416199d3,2469236e-bdcd-48fb-ab7a-79991c9628a3,29d6df23-ab43-402d-91bc-601dcf9fe788,06e08006-b2cb-4351-8f6b-a41dcf5dc602,0,,"{""TypeText"":"""",""Description"":""Link"",""linkOrder"":""2""}",,,,
2279,f63ff2f9-58f3-494e-a071-110c416199d3,26c3d4c0-c822-4d85-8fd8-fb4c3ebdff56,ddcbb692-86a0-4d8e-a13c-82a928e7c854,12184969-d634-49b8-8add-c8eec91ce04a,0,,"{""TypeText"":"""",""linkOrder"":""1"",""Description"":""Link""}",,,,
3164,df01b9a8-cfe6-427a-87c4-3748014644ff,dd3f4bfa-39c0-4bdd-8135-14121c43666c,32f334ae-33df-4e5a-9f9e-50d82e02fc21,99aceee6-2c34-4a60-8d19-41c65d28a70b,0,,"{""TypeText"":"""",""linkOrder"":""2"",""Description"":""Link""}",,,,
3165,df01b9a8-cfe6-427a-87c4-3748014644ff,e719b818-97ae-47e8-85e7-2bf74077a1e7,9b6ea04f-e272-4603-9d1c-6dd78e1e2d02,4bacfc04-02dd-4d2d-a6f2-3ae39e3caa7f,0,,"{""TypeText"":"""",""Description"":""Link"",""linkOrder"":""1""}",,,,
3166,df01b9a8-cfe6-427a-87c4-3748014644ff,78987ef0-8120-412a-aed6-2cf3cd45eb5d,99aceee6-2c34-4a60-8d19-41c65d28a70b,a5ca1cf7-12b5-473e-a458-6723bef8ca96,0,,"{""TypeText"":"""",""linkOrder"":""1"",""Description"":""Link""}",,,,
3167,df01b9a8-cfe6-427a-87c4-3748014644ff,65249b82-700b-4ca4-9650-9fc64e6011f4,4bacfc04-02dd-4d2d-a6f2-3ae39e3caa7f,6a04495f-5cfd-4311-a6bf-20d41188bade,0,,"{""TypeText"":"""",""Description"":""Link"",""linkOrder"":""1""}",,,,
3168,df01b9a8-cfe6-427a-87c4-3748014644ff,87d3613c-cd8c-4721-acfa-cd7046ba4e96,6a04495f-5cfd-4311-a6bf-20d41188bade,32f334ae-33df-4e5a-9f9e-50d82e02fc21,0,,"{""TypeText"":"""",""linkOrder"":""1"",""Description"":""Link""}",,,,
3169,df01b9a8-cfe6-427a-87c4-3748014644ff,d79612b7-b7e3-4ea1-9329-d426dbe5646a,72561b1a-ddc7-4b72-8697-c5006945fa3a,a5473796-f1a3-4ba9-b297-40ea9711c729,0,,"{""TypeText"":"""",""Description"":""Link"",""linkOrder"":""1""}",,,,
3170,df01b9a8-cfe6-427a-87c4-3748014644ff,09275bb1-a352-4850-93c6-ee44f349869a,32f334ae-33df-4e5a-9f9e-50d82e02fc21,72561b1a-ddc7-4b72-8697-c5006945fa3a,0,,"{""TypeText"":"""",""linkOrder"":""2"",""Description"":""Link""}",,,,
3171,abb62de0-7e59-444b-a4bc-49eca129a56f,16e575a9-edf4-4a03-b9d9-11c91a053ae8,96816cdf-d547-4499-9c69-5c51b3f99d8a,7e81ceb0-575c-4c8d-b776-3831d49fdd88,0,,"{""TypeText"":"""",""Description"":""Link"",""linkOrder"":""2""}",,,,
3172,abb62de0-7e59-444b-a4bc-49eca129a56f,4ec6aa38-3a4a-4b40-857d-aa1d6c2d9bca,9ef141eb-0fd4-4d5b-931e-0b0a97a0073d,792a00e1-7b70-48b6-bd63-c63e31a594de,0,,"{""TypeText"":"""",""Description"":""Link"",""linkOrder"":""1""}",,,,
3173,abb62de0-7e59-444b-a4bc-49eca129a56f,d8991929-0cab-4c33-9991-b22ebcfdedd5,671fa3e8-63e3-4971-b5df-e6e91afd948c,9ef141eb-0fd4-4d5b-931e-0b0a97a0073d,0,,"{""TypeText"":"""",""Description"":""Link"",""linkOrder"":""1""}",,,,
3174,abb62de0-7e59-444b-a4bc-49eca129a56f,e7f5f3fe-5fca-411c-a387-cf8839e72abd,7e81ceb0-575c-4c8d-b776-3831d49fdd88,15fd6be5-7236-4484-a6b4-0cdbbe31abcd,0,,"{""TypeText"":"""",""linkOrder"":""1"",""Description"":""Link""}",,,,
3175,abb62de0-7e59-444b-a4bc-49eca129a56f,6c29e632-4f3a-4e15-a443-d0d0ee94b2f0,792a00e1-7b70-48b6-bd63-c63e31a594de,96816cdf-d547-4499-9c69-5c51b3f99d8a,0,,"{""TypeText"":"""",""Description"":""Link"",""linkOrder"":""1""}",,,,
3220,135b88eb-643a-492f-98b8-daa0b92ce6d4,8490584c-47ce-41e3-8828-0ba0bfeb70b2,949eca21-9bcb-41e6-9b91-c48b1c8d2e41,ca88c4f5-2652-4844-b837-7db51026511a,0,,"{""TypeText"":"""",""Description"":""Link"",""linkOrder"":""2""}",,,,
3221,135b88eb-643a-492f-98b8-daa0b92ce6d4,54144de1-e37e-451e-b035-15a104e77c8b,0354644a-5a74-4a9c-9201-fbdfcbac8b0f,949eca21-9bcb-41e6-9b91-c48b1c8d2e41,0,,"{""TypeText"":"""",""Description"":""Link"",""linkOrder"":""1""}",,,,
3222,135b88eb-643a-492f-98b8-daa0b92ce6d4,06ad68bb-7aca-495e-9d62-5dee7a613ec7,a35b52f0-9143-4cfd-b34c-32cf6c035992,6e403db3-a983-47c2-91c9-960197962470,0,,"{""TypeText"":"""",""linkOrder"":""1""}",,,,
3223,135b88eb-643a-492f-98b8-daa0b92ce6d4,e621eb88-ca20-4011-a4b2-799175b56caa,1856b67a-3ade-4b36-8990-1890b2d65cd7,73861584-5644-45a1-947f-bb1822412ea1,0,,"{""TypeText"":"""",""Description"":""Link"",""linkOrder"":""1""}",,,,
3224,135b88eb-643a-492f-98b8-daa0b92ce6d4,08ca92de-ce28-4950-bdfb-9a3bddd18a3e,ea769ff3-0ade-40db-8190-9fe92c1035f6,37197df9-d68d-4654-89e8-4c92e7f6565e,0,,"{""TypeText"":"""",""linkOrder"":""1"",""Description"":""Link""}",,,,
3225,135b88eb-643a-492f-98b8-daa0b92ce6d4,d14b90d2-6ef9-4696-b252-a0604c5bc904,1d9cb083-0e85-4ba9-94ef-4ddeb31095c6,02f58247-3b96-473a-95f9-ad429f156a39,0,,"{""TypeText"":"""",""linkOrder"":""1"",""Description"":""Link""}",,,,
3226,135b88eb-643a-492f-98b8-daa0b92ce6d4,7fffb51c-aaa7-46e3-bca4-aef4a3ade298,02f58247-3b96-473a-95f9-ad429f156a39,b68b494c-9f01-44b3-a9cf-8150cf8e6b2f,0,,"{""TypeText"":"""",""linkOrder"":""1"",""Description"":""Link""}",,,,
3227,135b88eb-643a-492f-98b8-daa0b92ce6d4,7615a12f-1bc9-4123-86f4-b7d6e467d06a,37197df9-d68d-4654-89e8-4c92e7f6565e,a35b52f0-9143-4cfd-b34c-32cf6c035992,0,,"{""TypeText"":"""",""linkOrder"":""2""}",,,,
3228,135b88eb-643a-492f-98b8-daa0b92ce6d4,2ed57910-6b12-46ad-94b4-c4f1fb61c719,37197df9-d68d-4654-89e8-4c92e7f6565e,0354644a-5a74-4a9c-9201-fbdfcbac8b0f,0,,"{""TypeText"":"""",""linkOrder"":""1"",""Description"":""Link""}",,,,
3229,135b88eb-643a-492f-98b8-daa0b92ce6d4,bad9e17e-dffc-4cb9-a34e-c50840fd12fd,ca88c4f5-2652-4844-b837-7db51026511a,fe9df838-9ffa-4174-a0f2-faed73817217,0,,"{""TypeText"":"""",""Description"":""Link"",""linkOrder"":""1""}",,,,
3230,135b88eb-643a-492f-98b8-daa0b92ce6d4,229d5bd1-7c79-4e77-9b90-f08dd79b4de1,73861584-5644-45a1-947f-bb1822412ea1,15beb885-230e-4e83-84b8-2b52842f56d4,0,,"{""TypeText"":"""",""linkOrder"":""1"",""Description"":""Link""}",,,,
3608,39b85b2b-ddd5-4d5d-8f0b-73340017700a,2bdea10f-af80-4d17-b37d-35755e6f4b5e,ef733679-a1e5-45db-a6f0-9bfcbd465815,8b76ff8b-40bf-4f3c-bab8-b7ae9b1a10f9,0,,"{""TypeText"":"""",""linkOrder"":""2""}",,,,
3609,39b85b2b-ddd5-4d5d-8f0b-73340017700a,b6438019-2116-474a-aa85-470abdebd2cb,3db3b4c4-0521-4ba7-9326-c802ccdcc1bf,ac313c6e-de23-41eb-960c-30cbd9915913,0,,"{""TypeText"":"""",""linkOrder"":""1"",""Description"":""Link""}",,,,
3610,39b85b2b-ddd5-4d5d-8f0b-73340017700a,e8e42623-0c8b-4c97-a0cb-593f3cd49066,7f3f72fc-f3da-4ad5-89ce-6db778992d7a,7a6ff74f-5cd7-470e-916e-559e2a3f6a4c,0,,"{""TypeText"":"""",""linkOrder"":""1"",""Description"":""Link""}",,,,
3611,39b85b2b-ddd5-4d5d-8f0b-73340017700a,8fb160db-0b62-4173-8f86-786ccf7858ea,640203e4-dbab-4a13-a84d-b2dab5945cf5,47d8d477-2359-4a81-8c1c-d489efb27b0a,0,,"{""TypeText"":"""",""linkOrder"":""1"",""Description"":""Link""}",,,,
3612,39b85b2b-ddd5-4d5d-8f0b-73340017700a,b7682c51-7780-48ad-a6f7-88077c42ed5b,381dbfff-4568-4a73-baca-c014680a3c61,3db3b4c4-0521-4ba7-9326-c802ccdcc1bf,0,,"{""TypeText"":"""",""Description"":""Link"",""linkOrder"":""1""}",,,,
3613,39b85b2b-ddd5-4d5d-8f0b-73340017700a,7204d054-6861-499e-b721-919e3dc30bfa,fef1a5ed-5ccf-4d0d-ab4c-628b49002dad,4f67a13d-ed4e-4343-bc16-5561bf8a496e,0,,"{""TypeText"":"""",""linkOrder"":""1""}",,,,
3614,39b85b2b-ddd5-4d5d-8f0b-73340017700a,89b17039-c90f-47f3-951d-a9f4dd184aa7,63654771-486a-4d46-b6c0-a24bcea0d8cd,640203e4-dbab-4a13-a84d-b2dab5945cf5,0,,"{""TypeText"":"""",""Description"":""Link"",""linkOrder"":""1""}",,,,
3615,39b85b2b-ddd5-4d5d-8f0b-73340017700a,7dd784ee-4dba-44b8-8191-c5452a2fa17d,18add16e-946d-4224-9ff9-fc14b3dd9e22,7f3f72fc-f3da-4ad5-89ce-6db778992d7a,0,,"{""TypeText"":"""",""linkOrder"":""2"",""Description"":""Link""}",,,,
3616,39b85b2b-ddd5-4d5d-8f0b-73340017700a,6da58395-cb63-4f20-b1ed-d85c28b96939,ef733679-a1e5-45db-a6f0-9bfcbd465815,1e004a13-2e57-48dd-a031-850f232b1806,0,,"{""TypeText"":"""",""linkOrder"":""1"",""Description"":""Link""}",,,,
3617,39b85b2b-ddd5-4d5d-8f0b-73340017700a,40e0dfe7-ec50-486e-bd99-e757aa7bb01f,18add16e-946d-4224-9ff9-fc14b3dd9e22,fef1a5ed-5ccf-4d0d-ab4c-628b49002dad,0,,"{""TypeText"":"""",""linkOrder"":""3""}",,,,
3618,39b85b2b-ddd5-4d5d-8f0b-73340017700a,b77e55d1-b5bb-432a-8034-f87974053eab,1e004a13-2e57-48dd-a031-850f232b1806,18add16e-946d-4224-9ff9-fc14b3dd9e22,0,,"{""TypeText"":"""",""Description"":""Link"",""linkOrder"":""1""}",,,,
3619,39b85b2b-ddd5-4d5d-8f0b-73340017700a,8687f4e3-0c20-4bc8-8636-fa50316c00f6,8b76ff8b-40bf-4f3c-bab8-b7ae9b1a10f9,feb09eb8-b86d-416f-8699-0a7c495abd78,0,,"{""TypeText"":"""",""linkOrder"":""1""}",,,,
3620,39b85b2b-ddd5-4d5d-8f0b-73340017700a,d1a00013-b3c5-4941-a39f-fef91fe8cc54,e26b00f2-86e0-4040-8206-efbbfa1e5509,ef733679-a1e5-45db-a6f0-9bfcbd465815,0,,"{""TypeText"":"""",""linkOrder"":""1"",""Description"":""Link""}",,,,
