Id,OrganizationId,WorkflowId,WorkflowName,WorkflowDescription,RecurranceException,RecurranceExceptionAdditionalData,RecurranceRule,IsManual,ProcessflowId,DirectoryId,DirectoryName,AgentDeploymentId
5,80ae6a0c-c6bb-48c7-9a82-0ff4de4ad3ab,eec30f37-dac8-469c-b69a-4f6ea80ba8a6,(SAP B1 - SF)-Product Add from SAP to SF,Workflow Dependency for  Product Add Post of (SAP B1 - SF),,,FREQ=MINUTELY;INTERVAL=5,True,85b1cdca-b081-47a4-964f-f7166f8ac0f2,,Migrated-Workflows,7f29d5a4-88da-4aac-b00c-ee9d54d05c13
6,80ae6a0c-c6bb-48c7-9a82-0ff4de4ad3ab,55b693b6-c722-43c9-a811-ef0abcb12cc1,(SAP B1 - SF)-Product Update to salesforce,Workflow Dependency for  Product Update to salesforce of (SAP B1 - SF),,,FREQ=MINUTELY;INTERVAL=5,False,e684c0fa-3c30-40a0-acaf-16910c5dd153,,Migrated-Workflows,7f29d5a4-88da-4aac-b00c-ee9d54d05c13
7,80ae6a0c-c6bb-48c7-9a82-0ff4de4ad3ab,d98d6934-d11f-4ae2-94bb-863ed34cce90,(SF-SAP B1 )-Sales Order Add,Workflow Dependency for  Add New Orders of (SAP B1 - SF),,,FREQ=MINUTELY;INTERVAL=9,False,973115a7-2d55-4996-b704-2cea32a788d6,,Migrated-Workflows,7f29d5a4-88da-4aac-b00c-ee9d54d05c13
10,80ae6a0c-c6bb-48c7-9a82-0ff4de4ad3ab,7bbbb348-c64c-4032-bb6c-ad05faeb0f53,(SAP B1 - SF)-Contact Person Add,Workflow Dependency for  Add Customer Contacts in Salesforce of (SAP B1 - SF),,,FREQ=MINUTELY;INTERVAL=20,False,9a4a0333-95be-40e2-ac51-6168703d1234,,Migrated-Workflows,7f29d5a4-88da-4aac-b00c-ee9d54d05c13
13,80ae6a0c-c6bb-48c7-9a82-0ff4de4ad3ab,6a0562c1-5233-4a44-b032-4b5a9956a774,(SAP B1 - SF)-Product Add from SAP to SF-New,Workflow Dependency for  Product Add Post of (SAP B1 - SF),,,FREQ=MINUTELY;INTERVAL=20,False,b91dc346-e257-49ac-a68a-f14531db0796,,Migrated-Workflows,7f29d5a4-88da-4aac-b00c-ee9d54d05c13
16,80ae6a0c-c6bb-48c7-9a82-0ff4de4ad3ab,132276e0-7f8f-4521-878f-7916bec5fe34,(SAP B1 - SF)-Special Price Add,Workflow Dependency for   of (SAP B1 - SF),,,FREQ=MINUTELY;INTERVAL=5,True,a1385852-2b3c-4c5f-80ea-67e9958e091f,,Migrated-Workflows,7f29d5a4-88da-4aac-b00c-ee9d54d05c13
19,80ae6a0c-c6bb-48c7-9a82-0ff4de4ad3ab,bbfe27cd-bd7c-42be-94fb-ce808992cd91,(SAP B1 - SF)-Business Partner Add,Workflow Dependency for  Add Account as Business Partner of (SAP B1 - SF),,,FREQ=MINUTELY;INTERVAL=3,False,f9424512-97ed-418b-8b0f-b73f50e73f7c,,Migrated-Workflows,7f29d5a4-88da-4aac-b00c-ee9d54d05c13
20,80ae6a0c-c6bb-48c7-9a82-0ff4de4ad3ab,55d002f2-b2d8-4635-b4eb-5314e1661217,Business Partner Update from Salesforce to SAP,Workflow Dependency for  Business Partner Update Using Trigger of (SAP B1 - SF),,,FREQ=MINUTELY;INTERVAL=5,True,6075b023-eb01-449e-8bb0-849f61514236,,Migrated-Workflows,7f29d5a4-88da-4aac-b00c-ee9d54d05c13
24,80ae6a0c-c6bb-48c7-9a82-0ff4de4ad3ab,abb62de0-7e59-444b-a4bc-49eca129a56f,Contact Person Update | SAP - SF,Workflow Dependency for  Update Contact Person in Salesforce of (SAP B1 - SF),,,FREQ=MINUTELY;INTERVAL=13,False,8976b3c8-0a42-49ad-a994-c2a2984ee569,,Migrated-Workflows,7f29d5a4-88da-4aac-b00c-ee9d54d05c13
27,80ae6a0c-c6bb-48c7-9a82-0ff4de4ad3ab,69b9f83a-d9af-498f-8efc-e75aa1c405dd,Account Add | SAP - SF,Workflow Dependency for  Add New Customer Account in Salesforce of (SAP B1 - SF),,,FREQ=MINUTELY;INTERVAL=25,False,cec316fe-c7fc-4da9-be1e-5929d2680d2e,,Migrated-Workflows,7f29d5a4-88da-4aac-b00c-ee9d54d05c13
28,80ae6a0c-c6bb-48c7-9a82-0ff4de4ad3ab,6f4829c9-b6b6-46ad-bff8-a85501fa06dc,Account Update | SAP - SF,Workflow Dependency for  Update existing Account in Salesforce of (SAP B1 - SF),,,FREQ=MINUTELY;INTERVAL=10,False,4a33acbf-54be-4014-b45f-9d378826c81e,,Migrated-Workflows,7f29d5a4-88da-4aac-b00c-ee9d54d05c13
29,80ae6a0c-c6bb-48c7-9a82-0ff4de4ad3ab,df01b9a8-cfe6-427a-87c4-3748014644ff,Address Update | SAP - SF,Workflow Dependency for  Address update in salesforce of (SAP B1 - SF),,,FREQ=MINUTELY;INTERVAL=6,False,748689f3-9cfb-499a-b3be-442c83100428,,Migrated-Workflows,7f29d5a4-88da-4aac-b00c-ee9d54d05c13
30,80ae6a0c-c6bb-48c7-9a82-0ff4de4ad3ab,a3fc74f0-1682-4a66-90b9-b0816cdad2b7,Address Add | SAP - SF,Workflow Dependency for  Address Add to salesforce of (SAP B1 - SF),,,FREQ=MINUTELY;INTERVAL=15,False,49eff3f7-4131-49e5-9d65-01e60d795cd1,,Migrated-Workflows,7f29d5a4-88da-4aac-b00c-ee9d54d05c13
31,80ae6a0c-c6bb-48c7-9a82-0ff4de4ad3ab,415fe86b-cf19-4910-a8cc-31879dc0c5ff,Order Add | SAP - SF,Workflow Dependency for  Create Order in SF of (SAP B1 - SF),,,FREQ=MINUTELY;INTERVAL=16,False,0bd83b44-4e0c-43bb-8658-001fc40a1f90,,Migrated-Workflows,7f29d5a4-88da-4aac-b00c-ee9d54d05c13
32,80ae6a0c-c6bb-48c7-9a82-0ff4de4ad3ab,4da3a75c-1d59-4e3b-9337-3ae6b08b8055,Order Update | SAP - SF,Workflow Dependency for  Updates order in Salesforce of (SAP B1 - SF),,,FREQ=MINUTELY;INTERVAL=23,False,6083a8e9-333a-4a48-81c6-ac0db5ec34bc,,Migrated-Workflows,7f29d5a4-88da-4aac-b00c-ee9d54d05c13
33,80ae6a0c-c6bb-48c7-9a82-0ff4de4ad3ab,f63ff2f9-58f3-494e-a071-110c416199d3,Order Item Add | SAP - SF,Workflow Dependency for  Creates Orders in SAlesforce of (SAP B1 - SF),,,FREQ=MINUTELY;INTERVAL=18,False,e5b4081e-eee4-421c-b25c-0c22486149d4,,Migrated-Workflows,7f29d5a4-88da-4aac-b00c-ee9d54d05c13
34,80ae6a0c-c6bb-48c7-9a82-0ff4de4ad3ab,e4f2f81b-4aad-415b-abef-35375f1757cd,Discount Group Add/Update | SAP - SF,Workflow Dependency for  Discount Group Add/Update from SAP to SF of (SAP B1 - SF),,,FREQ=MINUTELY;INTERVAL=40,False,b1164a68-d9e6-4089-8ce2-ddf9d736c22a,,Migrated-Workflows,7f29d5a4-88da-4aac-b00c-ee9d54d05c13
35,80ae6a0c-c6bb-48c7-9a82-0ff4de4ad3ab,6f76f102-f1d1-4ec5-85cc-7d58211ca626,Period and Volume Discount | SAP - SF,Workflow Dependency for  Period and Volume discount Add/Update of (SAP B1 - SF),,,FREQ=MINUTELY;INTERVAL=45,False,306866b3-6945-4da3-ad0e-39bfd22fe275,,Migrated-Workflows,7f29d5a4-88da-4aac-b00c-ee9d54d05c13
36,80ae6a0c-c6bb-48c7-9a82-0ff4de4ad3ab,d8897a30-0bf0-4f04-84ec-e3f5762ddbb9,Special Price Add/Update | SAP - SF,Workflow Dependency for   of (SAP B1 - SF),,,FREQ=MINUTELY;INTERVAL=50,False,4afae99d-5561-43bc-819c-4d8aeb843eb7,,Migrated-Workflows,7f29d5a4-88da-4aac-b00c-ee9d54d05c13
38,,,,,,,,,,,,
39,80ae6a0c-c6bb-48c7-9a82-0ff4de4ad3ab,135b88eb-643a-492f-98b8-daa0b92ce6d4,BP Update | SF - SAP,Workflow Dependency for  Business Partner Update Using Trigger of (SAP B1 - SF),,,FREQ=MINUTELY;INTERVAL=5,True,6f859f6b-12e7-431f-afa0-72d4a3f971ed,,Migrated-Workflows,7f29d5a4-88da-4aac-b00c-ee9d54d05c13
40,80ae6a0c-c6bb-48c7-9a82-0ff4de4ad3ab,39b85b2b-ddd5-4d5d-8f0b-73340017700a,BP Update | SF - SAP(Test),Workflow Dependency for  Business Partner Update Using Trigger of (SAP B1 - SF),,,FREQ=MINUTELY;INTERVAL=6,False,99c6d42b-d3c8-433b-884f-336658b8c15e,,Migrated-Workflows,7f29d5a4-88da-4aac-b00c-ee9d54d05c13
